image_file_name,sample_number,meat_part,label,time_frame,file_destination
IMG_20260508_041534.jpg,5,Pork Ham,fresh,00:00:00,E:\Thesis Code\interval sampled\Pork Ham - Sample 5\Fresh - 0 to 8 hours\IMG_20260508_041534.jpg
IMG_20260508_041734.jpg,5,Pork Ham,fresh,00:02:25,E:\Thesis Code\interval sampled\Pork Ham - Sample 5\Fresh - 0 to 8 hours\IMG_20260508_041734.jpg
IMG_20260508_042034.jpg,5,Pork Ham,fresh,00:04:49,E:\Thesis Code\interval sampled\Pork Ham - Sample 5\Fresh - 0 to 8 hours\IMG_20260508_042034.jpg
IMG_20260508_042234.jpg,5,Pork Ham,fresh,00:07:14,E:\Thesis Code\interval sampled\Pork Ham - Sample 5\Fresh - 0 to 8 hours\IMG_20260508_042234.jpg
IMG_20260508_042534.jpg,5,Pork Ham,fresh,00:09:39,E:\Thesis Code\interval sampled\Pork Ham - Sample 5\Fresh - 0 to 8 hours\IMG_20260508_042534.jpg
IMG_20260508_042834.jpg,5,Pork Ham,fresh,00:12:04,E:\Thesis Code\interval sampled\Pork Ham - Sample 5\Fresh - 0 to 8 hours\IMG_20260508_042834.jpg
IMG_20260508_043034.jpg,5,Pork Ham,fresh,00:14:28,E:\Thesis Code\interval sampled\Pork Ham - Sample 5\Fresh - 0 to 8 hours\IMG_20260508_043034.jpg
IMG_20260508_043234.jpg,5,Pork Ham,fresh,00:16:53,E:\Thesis Code\interval sampled\Pork Ham - Sample 5\Fresh - 0 to 8 hours\IMG_20260508_043234.jpg
IMG_20260508_043535.jpg,5,Pork Ham,fresh,00:19:18,E:\Thesis Code\interval sampled\Pork Ham - Sample 5\Fresh - 0 to 8 hours\IMG_20260508_043535.jpg
IMG_20260508_043735.jpg,5,Pork Ham,fresh,00:21:43,E:\Thesis Code\interval sampled\Pork Ham - Sample 5\Fresh - 0 to 8 hours\IMG_20260508_043735.jpg
IMG_20260508_043935.jpg,5,Pork Ham,fresh,00:24:07,E:\Thesis Code\interval sampled\Pork Ham - Sample 5\Fresh - 0 to 8 hours\IMG_20260508_043935.jpg
IMG_20260508_044235.jpg,5,Pork Ham,fresh,00:26:32,E:\Thesis Code\interval sampled\Pork Ham - Sample 5\Fresh - 0 to 8 hours\IMG_20260508_044235.jpg
IMG_20260508_044435.jpg,5,Pork Ham,fresh,00:28:57,E:\Thesis Code\interval sampled\Pork Ham - Sample 5\Fresh - 0 to 8 hours\IMG_20260508_044435.jpg
IMG_20260508_044635.jpg,5,Pork Ham,fresh,00:31:21,E:\Thesis Code\interval sampled\Pork Ham - Sample 5\Fresh - 0 to 8 hours\IMG_20260508_044635.jpg
IMG_20260508_044935.jpg,5,Pork Ham,fresh,00:33:46,E:\Thesis Code\interval sampled\Pork Ham - Sample 5\Fresh - 0 to 8 hours\IMG_20260508_044935.jpg
IMG_20260508_045135.jpg,5,Pork Ham,fresh,00:36:11,E:\Thesis Code\interval sampled\Pork Ham - Sample 5\Fresh - 0 to 8 hours\IMG_20260508_045135.jpg
IMG_20260508_045335.jpg,5,Pork Ham,fresh,00:38:36,E:\Thesis Code\interval sampled\Pork Ham - Sample 5\Fresh - 0 to 8 hours\IMG_20260508_045335.jpg
IMG_20260508_045637.jpg,5,Pork Ham,fresh,00:41:00,E:\Thesis Code\interval sampled\Pork Ham - Sample 5\Fresh - 0 to 8 hours\IMG_20260508_045637.jpg
IMG_20260508_045837.jpg,5,Pork Ham,fresh,00:43:25,E:\Thesis Code\interval sampled\Pork Ham - Sample 5\Fresh - 0 to 8 hours\IMG_20260508_045837.jpg
IMG_20260508_050038.jpg,5,Pork Ham,fresh,00:45:50,E:\Thesis Code\interval sampled\Pork Ham - Sample 5\Fresh - 0 to 8 hours\IMG_20260508_050038.jpg
IMG_20260508_050338.jpg,5,Pork Ham,fresh,00:48:14,E:\Thesis Code\interval sampled\Pork Ham - Sample 5\Fresh - 0 to 8 hours\IMG_20260508_050338.jpg
IMG_20260508_050538.jpg,5,Pork Ham,fresh,00:50:39,E:\Thesis Code\interval sampled\Pork Ham - Sample 5\Fresh - 0 to 8 hours\IMG_20260508_050538.jpg
IMG_20260508_050738.jpg,5,Pork Ham,fresh,00:53:04,E:\Thesis Code\interval sampled\Pork Ham - Sample 5\Fresh - 0 to 8 hours\IMG_20260508_050738.jpg
IMG_20260508_051038.jpg,5,Pork Ham,fresh,00:55:29,E:\Thesis Code\interval sampled\Pork Ham - Sample 5\Fresh - 0 to 8 hours\IMG_20260508_051038.jpg
IMG_20260508_051238.jpg,5,Pork Ham,fresh,00:57:53,E:\Thesis Code\interval sampled\Pork Ham - Sample 5\Fresh - 0 to 8 hours\IMG_20260508_051238.jpg
IMG_20260508_051438.jpg,5,Pork Ham,fresh,01:00:18,E:\Thesis Code\interval sampled\Pork Ham - Sample 5\Fresh - 0 to 8 hours\IMG_20260508_051438.jpg
IMG_20260508_051738.jpg,5,Pork Ham,fresh,01:02:43,E:\Thesis Code\interval sampled\Pork Ham - Sample 5\Fresh - 0 to 8 hours\IMG_20260508_051738.jpg
IMG_20260508_051938.jpg,5,Pork Ham,fresh,01:05:08,E:\Thesis Code\interval sampled\Pork Ham - Sample 5\Fresh - 0 to 8 hours\IMG_20260508_051938.jpg
IMG_20260508_052138.jpg,5,Pork Ham,fresh,01:07:32,E:\Thesis Code\interval sampled\Pork Ham - Sample 5\Fresh - 0 to 8 hours\IMG_20260508_052138.jpg
IMG_20260508_052438.jpg,5,Pork Ham,fresh,01:09:57,E:\Thesis Code\interval sampled\Pork Ham - Sample 5\Fresh - 0 to 8 hours\IMG_20260508_052438.jpg
IMG_20260508_052638.jpg,5,Pork Ham,fresh,01:12:22,E:\Thesis Code\interval sampled\Pork Ham - Sample 5\Fresh - 0 to 8 hours\IMG_20260508_052638.jpg
IMG_20260508_052838.jpg,5,Pork Ham,fresh,01:14:46,E:\Thesis Code\interval sampled\Pork Ham - Sample 5\Fresh - 0 to 8 hours\IMG_20260508_052838.jpg
IMG_20260508_053138.jpg,5,Pork Ham,fresh,01:17:11,E:\Thesis Code\interval sampled\Pork Ham - Sample 5\Fresh - 0 to 8 hours\IMG_20260508_053138.jpg
IMG_20260508_053338.jpg,5,Pork Ham,fresh,01:19:36,E:\Thesis Code\interval sampled\Pork Ham - Sample 5\Fresh - 0 to 8 hours\IMG_20260508_053338.jpg
IMG_20260508_053538.jpg,5,Pork Ham,fresh,01:22:01,E:\Thesis Code\interval sampled\Pork Ham - Sample 5\Fresh - 0 to 8 hours\IMG_20260508_053538.jpg
IMG_20260508_053838.jpg,5,Pork Ham,fresh,01:24:25,E:\Thesis Code\interval sampled\Pork Ham - Sample 5\Fresh - 0 to 8 hours\IMG_20260508_053838.jpg
IMG_20260508_054038.jpg,5,Pork Ham,fresh,01:26:50,E:\Thesis Code\interval sampled\Pork Ham - Sample 5\Fresh - 0 to 8 hours\IMG_20260508_054038.jpg
IMG_20260508_054238.jpg,5,Pork Ham,fresh,01:29:15,E:\Thesis Code\interval sampled\Pork Ham - Sample 5\Fresh - 0 to 8 hours\IMG_20260508_054238.jpg
IMG_20260508_054539.jpg,5,Pork Ham,fresh,01:31:39,E:\Thesis Code\interval sampled\Pork Ham - Sample 5\Fresh - 0 to 8 hours\IMG_20260508_054539.jpg
IMG_20260508_054739.jpg,5,Pork Ham,fresh,01:34:04,E:\Thesis Code\interval sampled\Pork Ham - Sample 5\Fresh - 0 to 8 hours\IMG_20260508_054739.jpg
IMG_20260508_054939.jpg,5,Pork Ham,fresh,01:36:29,E:\Thesis Code\interval sampled\Pork Ham - Sample 5\Fresh - 0 to 8 hours\IMG_20260508_054939.jpg
IMG_20260508_055239.jpg,5,Pork Ham,fresh,01:38:54,E:\Thesis Code\interval sampled\Pork Ham - Sample 5\Fresh - 0 to 8 hours\IMG_20260508_055239.jpg
IMG_20260508_055439.jpg,5,Pork Ham,fresh,01:41:18,E:\Thesis Code\interval sampled\Pork Ham - Sample 5\Fresh - 0 to 8 hours\IMG_20260508_055439.jpg
IMG_20260508_055639.jpg,5,Pork Ham,fresh,01:43:43,E:\Thesis Code\interval sampled\Pork Ham - Sample 5\Fresh - 0 to 8 hours\IMG_20260508_055639.jpg
IMG_20260508_055939.jpg,5,Pork Ham,fresh,01:46:08,E:\Thesis Code\interval sampled\Pork Ham - Sample 5\Fresh - 0 to 8 hours\IMG_20260508_055939.jpg
IMG_20260508_060139.jpg,5,Pork Ham,fresh,01:48:33,E:\Thesis Code\interval sampled\Pork Ham - Sample 5\Fresh - 0 to 8 hours\IMG_20260508_060139.jpg
IMG_20260508_060339.jpg,5,Pork Ham,fresh,01:50:57,E:\Thesis Code\interval sampled\Pork Ham - Sample 5\Fresh - 0 to 8 hours\IMG_20260508_060339.jpg
IMG_20260508_060639.jpg,5,Pork Ham,fresh,01:53:22,E:\Thesis Code\interval sampled\Pork Ham - Sample 5\Fresh - 0 to 8 hours\IMG_20260508_060639.jpg
IMG_20260508_060839.jpg,5,Pork Ham,fresh,01:55:47,E:\Thesis Code\interval sampled\Pork Ham - Sample 5\Fresh - 0 to 8 hours\IMG_20260508_060839.jpg
IMG_20260508_061039.jpg,5,Pork Ham,fresh,01:58:11,E:\Thesis Code\interval sampled\Pork Ham - Sample 5\Fresh - 0 to 8 hours\IMG_20260508_061039.jpg
IMG_20260508_061339.jpg,5,Pork Ham,fresh,02:00:36,E:\Thesis Code\interval sampled\Pork Ham - Sample 5\Fresh - 0 to 8 hours\IMG_20260508_061339.jpg
IMG_20260508_061539.jpg,5,Pork Ham,fresh,02:03:01,E:\Thesis Code\interval sampled\Pork Ham - Sample 5\Fresh - 0 to 8 hours\IMG_20260508_061539.jpg
IMG_20260508_061739.jpg,5,Pork Ham,fresh,02:05:26,E:\Thesis Code\interval sampled\Pork Ham - Sample 5\Fresh - 0 to 8 hours\IMG_20260508_061739.jpg
IMG_20260508_062039.jpg,5,Pork Ham,fresh,02:07:50,E:\Thesis Code\interval sampled\Pork Ham - Sample 5\Fresh - 0 to 8 hours\IMG_20260508_062039.jpg
IMG_20260508_062239.jpg,5,Pork Ham,fresh,02:10:15,E:\Thesis Code\interval sampled\Pork Ham - Sample 5\Fresh - 0 to 8 hours\IMG_20260508_062239.jpg
IMG_20260508_062439.jpg,5,Pork Ham,fresh,02:12:40,E:\Thesis Code\interval sampled\Pork Ham - Sample 5\Fresh - 0 to 8 hours\IMG_20260508_062439.jpg
IMG_20260508_062740.jpg,5,Pork Ham,fresh,02:15:05,E:\Thesis Code\interval sampled\Pork Ham - Sample 5\Fresh - 0 to 8 hours\IMG_20260508_062740.jpg
IMG_20260508_062940.jpg,5,Pork Ham,fresh,02:17:29,E:\Thesis Code\interval sampled\Pork Ham - Sample 5\Fresh - 0 to 8 hours\IMG_20260508_062940.jpg
IMG_20260508_063140.jpg,5,Pork Ham,fresh,02:19:54,E:\Thesis Code\interval sampled\Pork Ham - Sample 5\Fresh - 0 to 8 hours\IMG_20260508_063140.jpg
IMG_20260508_063440.jpg,5,Pork Ham,fresh,02:22:19,E:\Thesis Code\interval sampled\Pork Ham - Sample 5\Fresh - 0 to 8 hours\IMG_20260508_063440.jpg
IMG_20260508_063640.jpg,5,Pork Ham,fresh,02:24:43,E:\Thesis Code\interval sampled\Pork Ham - Sample 5\Fresh - 0 to 8 hours\IMG_20260508_063640.jpg
IMG_20260508_063840.jpg,5,Pork Ham,fresh,02:27:08,E:\Thesis Code\interval sampled\Pork Ham - Sample 5\Fresh - 0 to 8 hours\IMG_20260508_063840.jpg
IMG_20260508_064140.jpg,5,Pork Ham,fresh,02:29:33,E:\Thesis Code\interval sampled\Pork Ham - Sample 5\Fresh - 0 to 8 hours\IMG_20260508_064140.jpg
IMG_20260508_064340.jpg,5,Pork Ham,fresh,02:31:58,E:\Thesis Code\interval sampled\Pork Ham - Sample 5\Fresh - 0 to 8 hours\IMG_20260508_064340.jpg
IMG_20260508_064540.jpg,5,Pork Ham,fresh,02:34:22,E:\Thesis Code\interval sampled\Pork Ham - Sample 5\Fresh - 0 to 8 hours\IMG_20260508_064540.jpg
IMG_20260508_064840.jpg,5,Pork Ham,fresh,02:36:47,E:\Thesis Code\interval sampled\Pork Ham - Sample 5\Fresh - 0 to 8 hours\IMG_20260508_064840.jpg
IMG_20260508_065040.jpg,5,Pork Ham,fresh,02:39:12,E:\Thesis Code\interval sampled\Pork Ham - Sample 5\Fresh - 0 to 8 hours\IMG_20260508_065040.jpg
IMG_20260508_065240.jpg,5,Pork Ham,fresh,02:41:36,E:\Thesis Code\interval sampled\Pork Ham - Sample 5\Fresh - 0 to 8 hours\IMG_20260508_065240.jpg
IMG_20260508_065540.jpg,5,Pork Ham,fresh,02:44:01,E:\Thesis Code\interval sampled\Pork Ham - Sample 5\Fresh - 0 to 8 hours\IMG_20260508_065540.jpg
IMG_20260508_065740.jpg,5,Pork Ham,fresh,02:46:26,E:\Thesis Code\interval sampled\Pork Ham - Sample 5\Fresh - 0 to 8 hours\IMG_20260508_065740.jpg
IMG_20260508_065940.jpg,5,Pork Ham,fresh,02:48:51,E:\Thesis Code\interval sampled\Pork Ham - Sample 5\Fresh - 0 to 8 hours\IMG_20260508_065940.jpg
IMG_20260508_070240.jpg,5,Pork Ham,fresh,02:51:15,E:\Thesis Code\interval sampled\Pork Ham - Sample 5\Fresh - 0 to 8 hours\IMG_20260508_070240.jpg
IMG_20260508_070440.jpg,5,Pork Ham,fresh,02:53:40,E:\Thesis Code\interval sampled\Pork Ham - Sample 5\Fresh - 0 to 8 hours\IMG_20260508_070440.jpg
IMG_20260508_070640.jpg,5,Pork Ham,fresh,02:56:05,E:\Thesis Code\interval sampled\Pork Ham - Sample 5\Fresh - 0 to 8 hours\IMG_20260508_070640.jpg
IMG_20260508_070940.jpg,5,Pork Ham,fresh,02:58:30,E:\Thesis Code\interval sampled\Pork Ham - Sample 5\Fresh - 0 to 8 hours\IMG_20260508_070940.jpg
IMG_20260508_071140.jpg,5,Pork Ham,fresh,03:00:54,E:\Thesis Code\interval sampled\Pork Ham - Sample 5\Fresh - 0 to 8 hours\IMG_20260508_071140.jpg
IMG_20260508_071341.jpg,5,Pork Ham,fresh,03:03:19,E:\Thesis Code\interval sampled\Pork Ham - Sample 5\Fresh - 0 to 8 hours\IMG_20260508_071341.jpg
IMG_20260508_071641.jpg,5,Pork Ham,fresh,03:05:44,E:\Thesis Code\interval sampled\Pork Ham - Sample 5\Fresh - 0 to 8 hours\IMG_20260508_071641.jpg
IMG_20260508_071841.jpg,5,Pork Ham,fresh,03:08:08,E:\Thesis Code\interval sampled\Pork Ham - Sample 5\Fresh - 0 to 8 hours\IMG_20260508_071841.jpg
IMG_20260508_072041.jpg,5,Pork Ham,fresh,03:10:33,E:\Thesis Code\interval sampled\Pork Ham - Sample 5\Fresh - 0 to 8 hours\IMG_20260508_072041.jpg
IMG_20260508_072341.jpg,5,Pork Ham,fresh,03:12:58,E:\Thesis Code\interval sampled\Pork Ham - Sample 5\Fresh - 0 to 8 hours\IMG_20260508_072341.jpg
IMG_20260508_072541.jpg,5,Pork Ham,fresh,03:15:23,E:\Thesis Code\interval sampled\Pork Ham - Sample 5\Fresh - 0 to 8 hours\IMG_20260508_072541.jpg
IMG_20260508_072741.jpg,5,Pork Ham,fresh,03:17:47,E:\Thesis Code\interval sampled\Pork Ham - Sample 5\Fresh - 0 to 8 hours\IMG_20260508_072741.jpg
IMG_20260508_073041.jpg,5,Pork Ham,fresh,03:20:12,E:\Thesis Code\interval sampled\Pork Ham - Sample 5\Fresh - 0 to 8 hours\IMG_20260508_073041.jpg
IMG_20260508_073241.jpg,5,Pork Ham,fresh,03:22:37,E:\Thesis Code\interval sampled\Pork Ham - Sample 5\Fresh - 0 to 8 hours\IMG_20260508_073241.jpg
IMG_20260508_073441.jpg,5,Pork Ham,fresh,03:25:02,E:\Thesis Code\interval sampled\Pork Ham - Sample 5\Fresh - 0 to 8 hours\IMG_20260508_073441.jpg
IMG_20260508_073741.jpg,5,Pork Ham,fresh,03:27:26,E:\Thesis Code\interval sampled\Pork Ham - Sample 5\Fresh - 0 to 8 hours\IMG_20260508_073741.jpg
IMG_20260508_073941.jpg,5,Pork Ham,fresh,03:29:51,E:\Thesis Code\interval sampled\Pork Ham - Sample 5\Fresh - 0 to 8 hours\IMG_20260508_073941.jpg
IMG_20260508_074141.jpg,5,Pork Ham,fresh,03:32:16,E:\Thesis Code\interval sampled\Pork Ham - Sample 5\Fresh - 0 to 8 hours\IMG_20260508_074141.jpg
IMG_20260508_074441.jpg,5,Pork Ham,fresh,03:34:40,E:\Thesis Code\interval sampled\Pork Ham - Sample 5\Fresh - 0 to 8 hours\IMG_20260508_074441.jpg
IMG_20260508_074641.jpg,5,Pork Ham,fresh,03:37:05,E:\Thesis Code\interval sampled\Pork Ham - Sample 5\Fresh - 0 to 8 hours\IMG_20260508_074641.jpg
IMG_20260508_074841.jpg,5,Pork Ham,fresh,03:39:30,E:\Thesis Code\interval sampled\Pork Ham - Sample 5\Fresh - 0 to 8 hours\IMG_20260508_074841.jpg
IMG_20260508_075141.jpg,5,Pork Ham,fresh,03:41:55,E:\Thesis Code\interval sampled\Pork Ham - Sample 5\Fresh - 0 to 8 hours\IMG_20260508_075141.jpg
IMG_20260508_075341.jpg,5,Pork Ham,fresh,03:44:19,E:\Thesis Code\interval sampled\Pork Ham - Sample 5\Fresh - 0 to 8 hours\IMG_20260508_075341.jpg
IMG_20260508_075541.jpg,5,Pork Ham,fresh,03:46:44,E:\Thesis Code\interval sampled\Pork Ham - Sample 5\Fresh - 0 to 8 hours\IMG_20260508_075541.jpg
IMG_20260508_075841.jpg,5,Pork Ham,fresh,03:49:09,E:\Thesis Code\interval sampled\Pork Ham - Sample 5\Fresh - 0 to 8 hours\IMG_20260508_075841.jpg
IMG_20260508_080042.jpg,5,Pork Ham,fresh,03:51:33,E:\Thesis Code\interval sampled\Pork Ham - Sample 5\Fresh - 0 to 8 hours\IMG_20260508_080042.jpg
IMG_20260508_080241.jpg,5,Pork Ham,fresh,03:53:58,E:\Thesis Code\interval sampled\Pork Ham - Sample 5\Fresh - 0 to 8 hours\IMG_20260508_080241.jpg
IMG_20260508_080542.jpg,5,Pork Ham,fresh,03:56:23,E:\Thesis Code\interval sampled\Pork Ham - Sample 5\Fresh - 0 to 8 hours\IMG_20260508_080542.jpg
IMG_20260508_080742.jpg,5,Pork Ham,fresh,03:58:48,E:\Thesis Code\interval sampled\Pork Ham - Sample 5\Fresh - 0 to 8 hours\IMG_20260508_080742.jpg
IMG_20260508_080942.jpg,5,Pork Ham,fresh,04:01:12,E:\Thesis Code\interval sampled\Pork Ham - Sample 5\Fresh - 0 to 8 hours\IMG_20260508_080942.jpg
IMG_20260508_081142.jpg,5,Pork Ham,fresh,04:03:37,E:\Thesis Code\interval sampled\Pork Ham - Sample 5\Fresh - 0 to 8 hours\IMG_20260508_081142.jpg
IMG_20260508_081442.jpg,5,Pork Ham,fresh,04:06:02,E:\Thesis Code\interval sampled\Pork Ham - Sample 5\Fresh - 0 to 8 hours\IMG_20260508_081442.jpg
IMG_20260508_081642.jpg,5,Pork Ham,fresh,04:08:27,E:\Thesis Code\interval sampled\Pork Ham - Sample 5\Fresh - 0 to 8 hours\IMG_20260508_081642.jpg
IMG_20260508_081842.jpg,5,Pork Ham,fresh,04:10:51,E:\Thesis Code\interval sampled\Pork Ham - Sample 5\Fresh - 0 to 8 hours\IMG_20260508_081842.jpg
IMG_20260508_082142.jpg,5,Pork Ham,fresh,04:13:16,E:\Thesis Code\interval sampled\Pork Ham - Sample 5\Fresh - 0 to 8 hours\IMG_20260508_082142.jpg
IMG_20260508_082342.jpg,5,Pork Ham,fresh,04:15:41,E:\Thesis Code\interval sampled\Pork Ham - Sample 5\Fresh - 0 to 8 hours\IMG_20260508_082342.jpg
IMG_20260508_082542.jpg,5,Pork Ham,fresh,04:18:05,E:\Thesis Code\interval sampled\Pork Ham - Sample 5\Fresh - 0 to 8 hours\IMG_20260508_082542.jpg
IMG_20260508_082842.jpg,5,Pork Ham,fresh,04:20:30,E:\Thesis Code\interval sampled\Pork Ham - Sample 5\Fresh - 0 to 8 hours\IMG_20260508_082842.jpg
IMG_20260508_083042.jpg,5,Pork Ham,fresh,04:22:55,E:\Thesis Code\interval sampled\Pork Ham - Sample 5\Fresh - 0 to 8 hours\IMG_20260508_083042.jpg
IMG_20260508_083242.jpg,5,Pork Ham,fresh,04:25:20,E:\Thesis Code\interval sampled\Pork Ham - Sample 5\Fresh - 0 to 8 hours\IMG_20260508_083242.jpg
IMG_20260508_083542.jpg,5,Pork Ham,fresh,04:27:44,E:\Thesis Code\interval sampled\Pork Ham - Sample 5\Fresh - 0 to 8 hours\IMG_20260508_083542.jpg
IMG_20260508_083742.jpg,5,Pork Ham,fresh,04:30:09,E:\Thesis Code\interval sampled\Pork Ham - Sample 5\Fresh - 0 to 8 hours\IMG_20260508_083742.jpg
IMG_20260508_083942.jpg,5,Pork Ham,fresh,04:32:34,E:\Thesis Code\interval sampled\Pork Ham - Sample 5\Fresh - 0 to 8 hours\IMG_20260508_083942.jpg
IMG_20260508_084242.jpg,5,Pork Ham,fresh,04:34:58,E:\Thesis Code\interval sampled\Pork Ham - Sample 5\Fresh - 0 to 8 hours\IMG_20260508_084242.jpg
IMG_20260508_084442.jpg,5,Pork Ham,fresh,04:37:23,E:\Thesis Code\interval sampled\Pork Ham - Sample 5\Fresh - 0 to 8 hours\IMG_20260508_084442.jpg
IMG_20260508_084642.jpg,5,Pork Ham,fresh,04:39:48,E:\Thesis Code\interval sampled\Pork Ham - Sample 5\Fresh - 0 to 8 hours\IMG_20260508_084642.jpg
IMG_20260508_084942.jpg,5,Pork Ham,fresh,04:42:13,E:\Thesis Code\interval sampled\Pork Ham - Sample 5\Fresh - 0 to 8 hours\IMG_20260508_084942.jpg
IMG_20260508_085142.jpg,5,Pork Ham,fresh,04:44:37,E:\Thesis Code\interval sampled\Pork Ham - Sample 5\Fresh - 0 to 8 hours\IMG_20260508_085142.jpg
IMG_20260508_085342.jpg,5,Pork Ham,fresh,04:47:02,E:\Thesis Code\interval sampled\Pork Ham - Sample 5\Fresh - 0 to 8 hours\IMG_20260508_085342.jpg
IMG_20260508_085642.jpg,5,Pork Ham,fresh,04:49:27,E:\Thesis Code\interval sampled\Pork Ham - Sample 5\Fresh - 0 to 8 hours\IMG_20260508_085642.jpg
IMG_20260508_085842.jpg,5,Pork Ham,fresh,04:51:52,E:\Thesis Code\interval sampled\Pork Ham - Sample 5\Fresh - 0 to 8 hours\IMG_20260508_085842.jpg
IMG_20260508_090043.jpg,5,Pork Ham,fresh,04:54:16,E:\Thesis Code\interval sampled\Pork Ham - Sample 5\Fresh - 0 to 8 hours\IMG_20260508_090043.jpg
IMG_20260508_090343.jpg,5,Pork Ham,fresh,04:56:41,E:\Thesis Code\interval sampled\Pork Ham - Sample 5\Fresh - 0 to 8 hours\IMG_20260508_090343.jpg
IMG_20260508_090543.jpg,5,Pork Ham,fresh,04:59:06,E:\Thesis Code\interval sampled\Pork Ham - Sample 5\Fresh - 0 to 8 hours\IMG_20260508_090543.jpg
IMG_20260508_090743.jpg,5,Pork Ham,fresh,05:01:30,E:\Thesis Code\interval sampled\Pork Ham - Sample 5\Fresh - 0 to 8 hours\IMG_20260508_090743.jpg
IMG_20260508_091043.jpg,5,Pork Ham,fresh,05:03:55,E:\Thesis Code\interval sampled\Pork Ham - Sample 5\Fresh - 0 to 8 hours\IMG_20260508_091043.jpg
IMG_20260508_091243.jpg,5,Pork Ham,fresh,05:06:20,E:\Thesis Code\interval sampled\Pork Ham - Sample 5\Fresh - 0 to 8 hours\IMG_20260508_091243.jpg
IMG_20260508_091443.jpg,5,Pork Ham,fresh,05:08:45,E:\Thesis Code\interval sampled\Pork Ham - Sample 5\Fresh - 0 to 8 hours\IMG_20260508_091443.jpg
IMG_20260508_091743.jpg,5,Pork Ham,fresh,05:11:09,E:\Thesis Code\interval sampled\Pork Ham - Sample 5\Fresh - 0 to 8 hours\IMG_20260508_091743.jpg
IMG_20260508_091943.jpg,5,Pork Ham,fresh,05:13:34,E:\Thesis Code\interval sampled\Pork Ham - Sample 5\Fresh - 0 to 8 hours\IMG_20260508_091943.jpg
IMG_20260508_092143.jpg,5,Pork Ham,fresh,05:15:59,E:\Thesis Code\interval sampled\Pork Ham - Sample 5\Fresh - 0 to 8 hours\IMG_20260508_092143.jpg
IMG_20260508_092443.jpg,5,Pork Ham,fresh,05:18:24,E:\Thesis Code\interval sampled\Pork Ham - Sample 5\Fresh - 0 to 8 hours\IMG_20260508_092443.jpg
IMG_20260508_092643.jpg,5,Pork Ham,fresh,05:20:48,E:\Thesis Code\interval sampled\Pork Ham - Sample 5\Fresh - 0 to 8 hours\IMG_20260508_092643.jpg
IMG_20260508_092843.jpg,5,Pork Ham,fresh,05:23:13,E:\Thesis Code\interval sampled\Pork Ham - Sample 5\Fresh - 0 to 8 hours\IMG_20260508_092843.jpg
IMG_20260508_093143.jpg,5,Pork Ham,fresh,05:25:38,E:\Thesis Code\interval sampled\Pork Ham - Sample 5\Fresh - 0 to 8 hours\IMG_20260508_093143.jpg
IMG_20260508_093343.jpg,5,Pork Ham,fresh,05:28:02,E:\Thesis Code\interval sampled\Pork Ham - Sample 5\Fresh - 0 to 8 hours\IMG_20260508_093343.jpg
IMG_20260508_093543.jpg,5,Pork Ham,fresh,05:30:27,E:\Thesis Code\interval sampled\Pork Ham - Sample 5\Fresh - 0 to 8 hours\IMG_20260508_093543.jpg
IMG_20260508_093843.jpg,5,Pork Ham,fresh,05:32:52,E:\Thesis Code\interval sampled\Pork Ham - Sample 5\Fresh - 0 to 8 hours\IMG_20260508_093843.jpg
IMG_20260508_094043.jpg,5,Pork Ham,fresh,05:35:17,E:\Thesis Code\interval sampled\Pork Ham - Sample 5\Fresh - 0 to 8 hours\IMG_20260508_094043.jpg
IMG_20260508_094243.jpg,5,Pork Ham,fresh,05:37:41,E:\Thesis Code\interval sampled\Pork Ham - Sample 5\Fresh - 0 to 8 hours\IMG_20260508_094243.jpg
IMG_20260508_094543.jpg,5,Pork Ham,fresh,05:40:06,E:\Thesis Code\interval sampled\Pork Ham - Sample 5\Fresh - 0 to 8 hours\IMG_20260508_094543.jpg
IMG_20260508_094743.jpg,5,Pork Ham,fresh,05:42:31,E:\Thesis Code\interval sampled\Pork Ham - Sample 5\Fresh - 0 to 8 hours\IMG_20260508_094743.jpg
IMG_20260508_094943.jpg,5,Pork Ham,fresh,05:44:55,E:\Thesis Code\interval sampled\Pork Ham - Sample 5\Fresh - 0 to 8 hours\IMG_20260508_094943.jpg
IMG_20260508_095243.jpg,5,Pork Ham,fresh,05:47:20,E:\Thesis Code\interval sampled\Pork Ham - Sample 5\Fresh - 0 to 8 hours\IMG_20260508_095243.jpg
IMG_20260508_095443.jpg,5,Pork Ham,fresh,05:49:45,E:\Thesis Code\interval sampled\Pork Ham - Sample 5\Fresh - 0 to 8 hours\IMG_20260508_095443.jpg
IMG_20260508_095643.jpg,5,Pork Ham,fresh,05:52:10,E:\Thesis Code\interval sampled\Pork Ham - Sample 5\Fresh - 0 to 8 hours\IMG_20260508_095643.jpg
IMG_20260508_095943.jpg,5,Pork Ham,fresh,05:54:34,E:\Thesis Code\interval sampled\Pork Ham - Sample 5\Fresh - 0 to 8 hours\IMG_20260508_095943.jpg
IMG_20260508_100144.jpg,5,Pork Ham,fresh,05:56:59,E:\Thesis Code\interval sampled\Pork Ham - Sample 5\Fresh - 0 to 8 hours\IMG_20260508_100144.jpg
IMG_20260508_100344.jpg,5,Pork Ham,fresh,05:59:24,E:\Thesis Code\interval sampled\Pork Ham - Sample 5\Fresh - 0 to 8 hours\IMG_20260508_100344.jpg
IMG_20260508_100644.jpg,5,Pork Ham,fresh,06:01:49,E:\Thesis Code\interval sampled\Pork Ham - Sample 5\Fresh - 0 to 8 hours\IMG_20260508_100644.jpg
IMG_20260508_100844.jpg,5,Pork Ham,fresh,06:04:13,E:\Thesis Code\interval sampled\Pork Ham - Sample 5\Fresh - 0 to 8 hours\IMG_20260508_100844.jpg
IMG_20260508_101044.jpg,5,Pork Ham,fresh,06:06:38,E:\Thesis Code\interval sampled\Pork Ham - Sample 5\Fresh - 0 to 8 hours\IMG_20260508_101044.jpg
IMG_20260508_101344.jpg,5,Pork Ham,fresh,06:09:03,E:\Thesis Code\interval sampled\Pork Ham - Sample 5\Fresh - 0 to 8 hours\IMG_20260508_101344.jpg
IMG_20260508_101544.jpg,5,Pork Ham,fresh,06:11:27,E:\Thesis Code\interval sampled\Pork Ham - Sample 5\Fresh - 0 to 8 hours\IMG_20260508_101544.jpg
IMG_20260508_101744.jpg,5,Pork Ham,fresh,06:13:52,E:\Thesis Code\interval sampled\Pork Ham - Sample 5\Fresh - 0 to 8 hours\IMG_20260508_101744.jpg
IMG_20260508_102044.jpg,5,Pork Ham,fresh,06:16:17,E:\Thesis Code\interval sampled\Pork Ham - Sample 5\Fresh - 0 to 8 hours\IMG_20260508_102044.jpg
IMG_20260508_102244.jpg,5,Pork Ham,fresh,06:18:42,E:\Thesis Code\interval sampled\Pork Ham - Sample 5\Fresh - 0 to 8 hours\IMG_20260508_102244.jpg
IMG_20260508_102444.jpg,5,Pork Ham,fresh,06:21:06,E:\Thesis Code\interval sampled\Pork Ham - Sample 5\Fresh - 0 to 8 hours\IMG_20260508_102444.jpg
IMG_20260508_102744.jpg,5,Pork Ham,fresh,06:23:31,E:\Thesis Code\interval sampled\Pork Ham - Sample 5\Fresh - 0 to 8 hours\IMG_20260508_102744.jpg
IMG_20260508_102944.jpg,5,Pork Ham,fresh,06:25:56,E:\Thesis Code\interval sampled\Pork Ham - Sample 5\Fresh - 0 to 8 hours\IMG_20260508_102944.jpg
IMG_20260508_103144.jpg,5,Pork Ham,fresh,06:28:21,E:\Thesis Code\interval sampled\Pork Ham - Sample 5\Fresh - 0 to 8 hours\IMG_20260508_103144.jpg
IMG_20260508_103444.jpg,5,Pork Ham,fresh,06:30:45,E:\Thesis Code\interval sampled\Pork Ham - Sample 5\Fresh - 0 to 8 hours\IMG_20260508_103444.jpg
IMG_20260508_103644.jpg,5,Pork Ham,fresh,06:33:10,E:\Thesis Code\interval sampled\Pork Ham - Sample 5\Fresh - 0 to 8 hours\IMG_20260508_103644.jpg
IMG_20260508_103844.jpg,5,Pork Ham,fresh,06:35:35,E:\Thesis Code\interval sampled\Pork Ham - Sample 5\Fresh - 0 to 8 hours\IMG_20260508_103844.jpg
IMG_20260508_104144.jpg,5,Pork Ham,fresh,06:37:59,E:\Thesis Code\interval sampled\Pork Ham - Sample 5\Fresh - 0 to 8 hours\IMG_20260508_104144.jpg
IMG_20260508_104344.jpg,5,Pork Ham,fresh,06:40:24,E:\Thesis Code\interval sampled\Pork Ham - Sample 5\Fresh - 0 to 8 hours\IMG_20260508_104344.jpg
IMG_20260508_104544.jpg,5,Pork Ham,fresh,06:42:49,E:\Thesis Code\interval sampled\Pork Ham - Sample 5\Fresh - 0 to 8 hours\IMG_20260508_104544.jpg
IMG_20260508_104845.jpg,5,Pork Ham,fresh,06:45:14,E:\Thesis Code\interval sampled\Pork Ham - Sample 5\Fresh - 0 to 8 hours\IMG_20260508_104845.jpg
IMG_20260508_105044.jpg,5,Pork Ham,fresh,06:47:38,E:\Thesis Code\interval sampled\Pork Ham - Sample 5\Fresh - 0 to 8 hours\IMG_20260508_105044.jpg
IMG_20260508_105244.jpg,5,Pork Ham,fresh,06:50:03,E:\Thesis Code\interval sampled\Pork Ham - Sample 5\Fresh - 0 to 8 hours\IMG_20260508_105244.jpg
IMG_20260508_105544.jpg,5,Pork Ham,fresh,06:52:28,E:\Thesis Code\interval sampled\Pork Ham - Sample 5\Fresh - 0 to 8 hours\IMG_20260508_105544.jpg
IMG_20260508_105744.jpg,5,Pork Ham,fresh,06:54:52,E:\Thesis Code\interval sampled\Pork Ham - Sample 5\Fresh - 0 to 8 hours\IMG_20260508_105744.jpg
IMG_20260508_105944.jpg,5,Pork Ham,fresh,06:57:17,E:\Thesis Code\interval sampled\Pork Ham - Sample 5\Fresh - 0 to 8 hours\IMG_20260508_105944.jpg
IMG_20260508_110244.jpg,5,Pork Ham,fresh,06:59:42,E:\Thesis Code\interval sampled\Pork Ham - Sample 5\Fresh - 0 to 8 hours\IMG_20260508_110244.jpg
IMG_20260508_110445.jpg,5,Pork Ham,fresh,07:02:07,E:\Thesis Code\interval sampled\Pork Ham - Sample 5\Fresh - 0 to 8 hours\IMG_20260508_110445.jpg
IMG_20260508_110645.jpg,5,Pork Ham,fresh,07:04:31,E:\Thesis Code\interval sampled\Pork Ham - Sample 5\Fresh - 0 to 8 hours\IMG_20260508_110645.jpg
IMG_20260508_110945.jpg,5,Pork Ham,fresh,07:06:56,E:\Thesis Code\interval sampled\Pork Ham - Sample 5\Fresh - 0 to 8 hours\IMG_20260508_110945.jpg
IMG_20260508_111145.jpg,5,Pork Ham,fresh,07:09:21,E:\Thesis Code\interval sampled\Pork Ham - Sample 5\Fresh - 0 to 8 hours\IMG_20260508_111145.jpg
IMG_20260508_111345.jpg,5,Pork Ham,fresh,07:11:46,E:\Thesis Code\interval sampled\Pork Ham - Sample 5\Fresh - 0 to 8 hours\IMG_20260508_111345.jpg
IMG_20260508_111645.jpg,5,Pork Ham,fresh,07:14:10,E:\Thesis Code\interval sampled\Pork Ham - Sample 5\Fresh - 0 to 8 hours\IMG_20260508_111645.jpg
IMG_20260508_111845.jpg,5,Pork Ham,fresh,07:16:35,E:\Thesis Code\interval sampled\Pork Ham - Sample 5\Fresh - 0 to 8 hours\IMG_20260508_111845.jpg
IMG_20260508_112045.jpg,5,Pork Ham,fresh,07:19:00,E:\Thesis Code\interval sampled\Pork Ham - Sample 5\Fresh - 0 to 8 hours\IMG_20260508_112045.jpg
IMG_20260508_112345.jpg,5,Pork Ham,fresh,07:21:24,E:\Thesis Code\interval sampled\Pork Ham - Sample 5\Fresh - 0 to 8 hours\IMG_20260508_112345.jpg
IMG_20260508_112545.jpg,5,Pork Ham,fresh,07:23:49,E:\Thesis Code\interval sampled\Pork Ham - Sample 5\Fresh - 0 to 8 hours\IMG_20260508_112545.jpg
IMG_20260508_112745.jpg,5,Pork Ham,fresh,07:26:14,E:\Thesis Code\interval sampled\Pork Ham - Sample 5\Fresh - 0 to 8 hours\IMG_20260508_112745.jpg
IMG_20260508_113045.jpg,5,Pork Ham,fresh,07:28:39,E:\Thesis Code\interval sampled\Pork Ham - Sample 5\Fresh - 0 to 8 hours\IMG_20260508_113045.jpg
IMG_20260508_113245.jpg,5,Pork Ham,fresh,07:31:03,E:\Thesis Code\interval sampled\Pork Ham - Sample 5\Fresh - 0 to 8 hours\IMG_20260508_113245.jpg
IMG_20260508_113445.jpg,5,Pork Ham,fresh,07:33:28,E:\Thesis Code\interval sampled\Pork Ham - Sample 5\Fresh - 0 to 8 hours\IMG_20260508_113445.jpg
IMG_20260508_113745.jpg,5,Pork Ham,fresh,07:35:53,E:\Thesis Code\interval sampled\Pork Ham - Sample 5\Fresh - 0 to 8 hours\IMG_20260508_113745.jpg
IMG_20260508_113945.jpg,5,Pork Ham,fresh,07:38:17,E:\Thesis Code\interval sampled\Pork Ham - Sample 5\Fresh - 0 to 8 hours\IMG_20260508_113945.jpg
IMG_20260508_114145.jpg,5,Pork Ham,fresh,07:40:42,E:\Thesis Code\interval sampled\Pork Ham - Sample 5\Fresh - 0 to 8 hours\IMG_20260508_114145.jpg
IMG_20260508_114445.jpg,5,Pork Ham,fresh,07:43:07,E:\Thesis Code\interval sampled\Pork Ham - Sample 5\Fresh - 0 to 8 hours\IMG_20260508_114445.jpg
IMG_20260508_114645.jpg,5,Pork Ham,fresh,07:45:32,E:\Thesis Code\interval sampled\Pork Ham - Sample 5\Fresh - 0 to 8 hours\IMG_20260508_114645.jpg
IMG_20260508_114845.jpg,5,Pork Ham,fresh,07:47:56,E:\Thesis Code\interval sampled\Pork Ham - Sample 5\Fresh - 0 to 8 hours\IMG_20260508_114845.jpg
IMG_20260508_115145.jpg,5,Pork Ham,fresh,07:50:21,E:\Thesis Code\interval sampled\Pork Ham - Sample 5\Fresh - 0 to 8 hours\IMG_20260508_115145.jpg
IMG_20260508_115345.jpg,5,Pork Ham,fresh,07:52:46,E:\Thesis Code\interval sampled\Pork Ham - Sample 5\Fresh - 0 to 8 hours\IMG_20260508_115345.jpg
IMG_20260508_115545.jpg,5,Pork Ham,fresh,07:55:11,E:\Thesis Code\interval sampled\Pork Ham - Sample 5\Fresh - 0 to 8 hours\IMG_20260508_115545.jpg
IMG_20260508_115845.jpg,5,Pork Ham,fresh,07:57:35,E:\Thesis Code\interval sampled\Pork Ham - Sample 5\Fresh - 0 to 8 hours\IMG_20260508_115845.jpg
IMG_20260508_120046.jpg,5,Pork Ham,fresh,08:00:00,E:\Thesis Code\interval sampled\Pork Ham - Sample 5\Fresh - 0 to 8 hours\IMG_20260508_120046.jpg
IMG_20260508_120146.jpg,5,Pork Ham,not fresh,08:00:00,E:\Thesis Code\interval sampled\Pork Ham - Sample 5\Not fresh - 8 to 16 hours\IMG_20260508_120146.jpg
IMG_20260508_120345.jpg,5,Pork Ham,not fresh,08:02:25,E:\Thesis Code\interval sampled\Pork Ham - Sample 5\Not fresh - 8 to 16 hours\IMG_20260508_120345.jpg
IMG_20260508_120646.jpg,5,Pork Ham,not fresh,08:04:49,E:\Thesis Code\interval sampled\Pork Ham - Sample 5\Not fresh - 8 to 16 hours\IMG_20260508_120646.jpg
IMG_20260508_120846.jpg,5,Pork Ham,not fresh,08:07:14,E:\Thesis Code\interval sampled\Pork Ham - Sample 5\Not fresh - 8 to 16 hours\IMG_20260508_120846.jpg
IMG_20260508_121146.jpg,5,Pork Ham,not fresh,08:09:39,E:\Thesis Code\interval sampled\Pork Ham - Sample 5\Not fresh - 8 to 16 hours\IMG_20260508_121146.jpg
IMG_20260508_121558.jpg,5,Pork Ham,not fresh,08:12:04,E:\Thesis Code\interval sampled\Pork Ham - Sample 5\Not fresh - 8 to 16 hours\IMG_20260508_121558.jpg
IMG_20260508_121758.jpg,5,Pork Ham,not fresh,08:14:28,E:\Thesis Code\interval sampled\Pork Ham - Sample 5\Not fresh - 8 to 16 hours\IMG_20260508_121758.jpg
IMG_20260508_122058.jpg,5,Pork Ham,not fresh,08:16:53,E:\Thesis Code\interval sampled\Pork Ham - Sample 5\Not fresh - 8 to 16 hours\IMG_20260508_122058.jpg
IMG_20260508_122258.jpg,5,Pork Ham,not fresh,08:19:18,E:\Thesis Code\interval sampled\Pork Ham - Sample 5\Not fresh - 8 to 16 hours\IMG_20260508_122258.jpg
IMG_20260508_122558.jpg,5,Pork Ham,not fresh,08:21:43,E:\Thesis Code\interval sampled\Pork Ham - Sample 5\Not fresh - 8 to 16 hours\IMG_20260508_122558.jpg
IMG_20260508_122758.jpg,5,Pork Ham,not fresh,08:24:07,E:\Thesis Code\interval sampled\Pork Ham - Sample 5\Not fresh - 8 to 16 hours\IMG_20260508_122758.jpg
IMG_20260508_122958.jpg,5,Pork Ham,not fresh,08:26:32,E:\Thesis Code\interval sampled\Pork Ham - Sample 5\Not fresh - 8 to 16 hours\IMG_20260508_122958.jpg
IMG_20260508_123258.jpg,5,Pork Ham,not fresh,08:28:57,E:\Thesis Code\interval sampled\Pork Ham - Sample 5\Not fresh - 8 to 16 hours\IMG_20260508_123258.jpg
IMG_20260508_123458.jpg,5,Pork Ham,not fresh,08:31:21,E:\Thesis Code\interval sampled\Pork Ham - Sample 5\Not fresh - 8 to 16 hours\IMG_20260508_123458.jpg
IMG_20260508_123758.jpg,5,Pork Ham,not fresh,08:33:46,E:\Thesis Code\interval sampled\Pork Ham - Sample 5\Not fresh - 8 to 16 hours\IMG_20260508_123758.jpg
IMG_20260508_123958.jpg,5,Pork Ham,not fresh,08:36:11,E:\Thesis Code\interval sampled\Pork Ham - Sample 5\Not fresh - 8 to 16 hours\IMG_20260508_123958.jpg
IMG_20260508_124158.jpg,5,Pork Ham,not fresh,08:38:36,E:\Thesis Code\interval sampled\Pork Ham - Sample 5\Not fresh - 8 to 16 hours\IMG_20260508_124158.jpg
IMG_20260508_124458.jpg,5,Pork Ham,not fresh,08:41:00,E:\Thesis Code\interval sampled\Pork Ham - Sample 5\Not fresh - 8 to 16 hours\IMG_20260508_124458.jpg
IMG_20260508_124658.jpg,5,Pork Ham,not fresh,08:43:25,E:\Thesis Code\interval sampled\Pork Ham - Sample 5\Not fresh - 8 to 16 hours\IMG_20260508_124658.jpg
IMG_20260508_124958.jpg,5,Pork Ham,not fresh,08:45:50,E:\Thesis Code\interval sampled\Pork Ham - Sample 5\Not fresh - 8 to 16 hours\IMG_20260508_124958.jpg
IMG_20260508_125158.jpg,5,Pork Ham,not fresh,08:48:14,E:\Thesis Code\interval sampled\Pork Ham - Sample 5\Not fresh - 8 to 16 hours\IMG_20260508_125158.jpg
IMG_20260508_125358.jpg,5,Pork Ham,not fresh,08:50:39,E:\Thesis Code\interval sampled\Pork Ham - Sample 5\Not fresh - 8 to 16 hours\IMG_20260508_125358.jpg
IMG_20260508_125658.jpg,5,Pork Ham,not fresh,08:53:04,E:\Thesis Code\interval sampled\Pork Ham - Sample 5\Not fresh - 8 to 16 hours\IMG_20260508_125658.jpg
IMG_20260508_125858.jpg,5,Pork Ham,not fresh,08:55:29,E:\Thesis Code\interval sampled\Pork Ham - Sample 5\Not fresh - 8 to 16 hours\IMG_20260508_125858.jpg
IMG_20260508_130158.jpg,5,Pork Ham,not fresh,08:57:53,E:\Thesis Code\interval sampled\Pork Ham - Sample 5\Not fresh - 8 to 16 hours\IMG_20260508_130158.jpg
IMG_20260508_130358.jpg,5,Pork Ham,not fresh,09:00:18,E:\Thesis Code\interval sampled\Pork Ham - Sample 5\Not fresh - 8 to 16 hours\IMG_20260508_130358.jpg
IMG_20260508_130559.jpg,5,Pork Ham,not fresh,09:02:43,E:\Thesis Code\interval sampled\Pork Ham - Sample 5\Not fresh - 8 to 16 hours\IMG_20260508_130559.jpg
IMG_20260508_130858.jpg,5,Pork Ham,not fresh,09:05:08,E:\Thesis Code\interval sampled\Pork Ham - Sample 5\Not fresh - 8 to 16 hours\IMG_20260508_130858.jpg
IMG_20260508_131058.jpg,5,Pork Ham,not fresh,09:07:32,E:\Thesis Code\interval sampled\Pork Ham - Sample 5\Not fresh - 8 to 16 hours\IMG_20260508_131058.jpg
IMG_20260508_131358.jpg,5,Pork Ham,not fresh,09:09:57,E:\Thesis Code\interval sampled\Pork Ham - Sample 5\Not fresh - 8 to 16 hours\IMG_20260508_131358.jpg
IMG_20260508_131558.jpg,5,Pork Ham,not fresh,09:12:22,E:\Thesis Code\interval sampled\Pork Ham - Sample 5\Not fresh - 8 to 16 hours\IMG_20260508_131558.jpg
IMG_20260508_131759.jpg,5,Pork Ham,not fresh,09:14:46,E:\Thesis Code\interval sampled\Pork Ham - Sample 5\Not fresh - 8 to 16 hours\IMG_20260508_131759.jpg
IMG_20260508_132059.jpg,5,Pork Ham,not fresh,09:17:11,E:\Thesis Code\interval sampled\Pork Ham - Sample 5\Not fresh - 8 to 16 hours\IMG_20260508_132059.jpg
IMG_20260508_132259.jpg,5,Pork Ham,not fresh,09:19:36,E:\Thesis Code\interval sampled\Pork Ham - Sample 5\Not fresh - 8 to 16 hours\IMG_20260508_132259.jpg
IMG_20260508_132559.jpg,5,Pork Ham,not fresh,09:22:01,E:\Thesis Code\interval sampled\Pork Ham - Sample 5\Not fresh - 8 to 16 hours\IMG_20260508_132559.jpg
IMG_20260508_132759.jpg,5,Pork Ham,not fresh,09:24:25,E:\Thesis Code\interval sampled\Pork Ham - Sample 5\Not fresh - 8 to 16 hours\IMG_20260508_132759.jpg
IMG_20260508_132959.jpg,5,Pork Ham,not fresh,09:26:50,E:\Thesis Code\interval sampled\Pork Ham - Sample 5\Not fresh - 8 to 16 hours\IMG_20260508_132959.jpg
IMG_20260508_133259.jpg,5,Pork Ham,not fresh,09:29:15,E:\Thesis Code\interval sampled\Pork Ham - Sample 5\Not fresh - 8 to 16 hours\IMG_20260508_133259.jpg
IMG_20260508_133459.jpg,5,Pork Ham,not fresh,09:31:39,E:\Thesis Code\interval sampled\Pork Ham - Sample 5\Not fresh - 8 to 16 hours\IMG_20260508_133459.jpg
IMG_20260508_133759.jpg,5,Pork Ham,not fresh,09:34:04,E:\Thesis Code\interval sampled\Pork Ham - Sample 5\Not fresh - 8 to 16 hours\IMG_20260508_133759.jpg
IMG_20260508_133959.jpg,5,Pork Ham,not fresh,09:36:29,E:\Thesis Code\interval sampled\Pork Ham - Sample 5\Not fresh - 8 to 16 hours\IMG_20260508_133959.jpg
IMG_20260508_134159.jpg,5,Pork Ham,not fresh,09:38:54,E:\Thesis Code\interval sampled\Pork Ham - Sample 5\Not fresh - 8 to 16 hours\IMG_20260508_134159.jpg
IMG_20260508_134459.jpg,5,Pork Ham,not fresh,09:41:18,E:\Thesis Code\interval sampled\Pork Ham - Sample 5\Not fresh - 8 to 16 hours\IMG_20260508_134459.jpg
IMG_20260508_134659.jpg,5,Pork Ham,not fresh,09:43:43,E:\Thesis Code\interval sampled\Pork Ham - Sample 5\Not fresh - 8 to 16 hours\IMG_20260508_134659.jpg
IMG_20260508_134959.jpg,5,Pork Ham,not fresh,09:46:08,E:\Thesis Code\interval sampled\Pork Ham - Sample 5\Not fresh - 8 to 16 hours\IMG_20260508_134959.jpg
IMG_20260508_135159.jpg,5,Pork Ham,not fresh,09:48:33,E:\Thesis Code\interval sampled\Pork Ham - Sample 5\Not fresh - 8 to 16 hours\IMG_20260508_135159.jpg
IMG_20260508_135359.jpg,5,Pork Ham,not fresh,09:50:57,E:\Thesis Code\interval sampled\Pork Ham - Sample 5\Not fresh - 8 to 16 hours\IMG_20260508_135359.jpg
IMG_20260508_135659.jpg,5,Pork Ham,not fresh,09:53:22,E:\Thesis Code\interval sampled\Pork Ham - Sample 5\Not fresh - 8 to 16 hours\IMG_20260508_135659.jpg
IMG_20260508_135859.jpg,5,Pork Ham,not fresh,09:55:47,E:\Thesis Code\interval sampled\Pork Ham - Sample 5\Not fresh - 8 to 16 hours\IMG_20260508_135859.jpg
IMG_20260508_140159.jpg,5,Pork Ham,not fresh,09:58:11,E:\Thesis Code\interval sampled\Pork Ham - Sample 5\Not fresh - 8 to 16 hours\IMG_20260508_140159.jpg
IMG_20260508_140359.jpg,5,Pork Ham,not fresh,10:00:36,E:\Thesis Code\interval sampled\Pork Ham - Sample 5\Not fresh - 8 to 16 hours\IMG_20260508_140359.jpg
IMG_20260508_140659.jpg,5,Pork Ham,not fresh,10:03:01,E:\Thesis Code\interval sampled\Pork Ham - Sample 5\Not fresh - 8 to 16 hours\IMG_20260508_140659.jpg
IMG_20260508_140859.jpg,5,Pork Ham,not fresh,10:05:26,E:\Thesis Code\interval sampled\Pork Ham - Sample 5\Not fresh - 8 to 16 hours\IMG_20260508_140859.jpg
IMG_20260508_141059.jpg,5,Pork Ham,not fresh,10:07:50,E:\Thesis Code\interval sampled\Pork Ham - Sample 5\Not fresh - 8 to 16 hours\IMG_20260508_141059.jpg
IMG_20260508_141359.jpg,5,Pork Ham,not fresh,10:10:15,E:\Thesis Code\interval sampled\Pork Ham - Sample 5\Not fresh - 8 to 16 hours\IMG_20260508_141359.jpg
IMG_20260508_141559.jpg,5,Pork Ham,not fresh,10:12:40,E:\Thesis Code\interval sampled\Pork Ham - Sample 5\Not fresh - 8 to 16 hours\IMG_20260508_141559.jpg
IMG_20260508_141859.jpg,5,Pork Ham,not fresh,10:15:05,E:\Thesis Code\interval sampled\Pork Ham - Sample 5\Not fresh - 8 to 16 hours\IMG_20260508_141859.jpg
IMG_20260508_142059.jpg,5,Pork Ham,not fresh,10:17:29,E:\Thesis Code\interval sampled\Pork Ham - Sample 5\Not fresh - 8 to 16 hours\IMG_20260508_142059.jpg
IMG_20260508_142300.jpg,5,Pork Ham,not fresh,10:19:54,E:\Thesis Code\interval sampled\Pork Ham - Sample 5\Not fresh - 8 to 16 hours\IMG_20260508_142300.jpg
IMG_20260508_142600.jpg,5,Pork Ham,not fresh,10:22:19,E:\Thesis Code\interval sampled\Pork Ham - Sample 5\Not fresh - 8 to 16 hours\IMG_20260508_142600.jpg
IMG_20260508_142800.jpg,5,Pork Ham,not fresh,10:24:43,E:\Thesis Code\interval sampled\Pork Ham - Sample 5\Not fresh - 8 to 16 hours\IMG_20260508_142800.jpg
IMG_20260508_143100.jpg,5,Pork Ham,not fresh,10:27:08,E:\Thesis Code\interval sampled\Pork Ham - Sample 5\Not fresh - 8 to 16 hours\IMG_20260508_143100.jpg
IMG_20260508_143300.jpg,5,Pork Ham,not fresh,10:29:33,E:\Thesis Code\interval sampled\Pork Ham - Sample 5\Not fresh - 8 to 16 hours\IMG_20260508_143300.jpg
IMG_20260508_143500.jpg,5,Pork Ham,not fresh,10:31:58,E:\Thesis Code\interval sampled\Pork Ham - Sample 5\Not fresh - 8 to 16 hours\IMG_20260508_143500.jpg
IMG_20260508_143800.jpg,5,Pork Ham,not fresh,10:34:22,E:\Thesis Code\interval sampled\Pork Ham - Sample 5\Not fresh - 8 to 16 hours\IMG_20260508_143800.jpg
IMG_20260508_144000.jpg,5,Pork Ham,not fresh,10:36:47,E:\Thesis Code\interval sampled\Pork Ham - Sample 5\Not fresh - 8 to 16 hours\IMG_20260508_144000.jpg
IMG_20260508_144300.jpg,5,Pork Ham,not fresh,10:39:12,E:\Thesis Code\interval sampled\Pork Ham - Sample 5\Not fresh - 8 to 16 hours\IMG_20260508_144300.jpg
IMG_20260508_144500.jpg,5,Pork Ham,not fresh,10:41:36,E:\Thesis Code\interval sampled\Pork Ham - Sample 5\Not fresh - 8 to 16 hours\IMG_20260508_144500.jpg
IMG_20260508_144700.jpg,5,Pork Ham,not fresh,10:44:01,E:\Thesis Code\interval sampled\Pork Ham - Sample 5\Not fresh - 8 to 16 hours\IMG_20260508_144700.jpg
IMG_20260508_145000.jpg,5,Pork Ham,not fresh,10:46:26,E:\Thesis Code\interval sampled\Pork Ham - Sample 5\Not fresh - 8 to 16 hours\IMG_20260508_145000.jpg
IMG_20260508_145200.jpg,5,Pork Ham,not fresh,10:48:51,E:\Thesis Code\interval sampled\Pork Ham - Sample 5\Not fresh - 8 to 16 hours\IMG_20260508_145200.jpg
IMG_20260508_145500.jpg,5,Pork Ham,not fresh,10:51:15,E:\Thesis Code\interval sampled\Pork Ham - Sample 5\Not fresh - 8 to 16 hours\IMG_20260508_145500.jpg
IMG_20260508_145700.jpg,5,Pork Ham,not fresh,10:53:40,E:\Thesis Code\interval sampled\Pork Ham - Sample 5\Not fresh - 8 to 16 hours\IMG_20260508_145700.jpg
IMG_20260508_145900.jpg,5,Pork Ham,not fresh,10:56:05,E:\Thesis Code\interval sampled\Pork Ham - Sample 5\Not fresh - 8 to 16 hours\IMG_20260508_145900.jpg
IMG_20260508_150200.jpg,5,Pork Ham,not fresh,10:58:30,E:\Thesis Code\interval sampled\Pork Ham - Sample 5\Not fresh - 8 to 16 hours\IMG_20260508_150200.jpg
IMG_20260508_150400.jpg,5,Pork Ham,not fresh,11:00:54,E:\Thesis Code\interval sampled\Pork Ham - Sample 5\Not fresh - 8 to 16 hours\IMG_20260508_150400.jpg
IMG_20260508_150933.jpg,5,Pork Ham,not fresh,11:03:19,E:\Thesis Code\interval sampled\Pork Ham - Sample 5\Not fresh - 8 to 16 hours\IMG_20260508_150933.jpg
IMG_20260508_151133.jpg,5,Pork Ham,not fresh,11:05:44,E:\Thesis Code\interval sampled\Pork Ham - Sample 5\Not fresh - 8 to 16 hours\IMG_20260508_151133.jpg
IMG_20260508_151333.jpg,5,Pork Ham,not fresh,11:08:08,E:\Thesis Code\interval sampled\Pork Ham - Sample 5\Not fresh - 8 to 16 hours\IMG_20260508_151333.jpg
IMG_20260508_151633.jpg,5,Pork Ham,not fresh,11:10:33,E:\Thesis Code\interval sampled\Pork Ham - Sample 5\Not fresh - 8 to 16 hours\IMG_20260508_151633.jpg
IMG_20260508_151834.jpg,5,Pork Ham,not fresh,11:12:58,E:\Thesis Code\interval sampled\Pork Ham - Sample 5\Not fresh - 8 to 16 hours\IMG_20260508_151834.jpg
IMG_20260508_152134.jpg,5,Pork Ham,not fresh,11:15:23,E:\Thesis Code\interval sampled\Pork Ham - Sample 5\Not fresh - 8 to 16 hours\IMG_20260508_152134.jpg
IMG_20260508_152334.jpg,5,Pork Ham,not fresh,11:17:47,E:\Thesis Code\interval sampled\Pork Ham - Sample 5\Not fresh - 8 to 16 hours\IMG_20260508_152334.jpg
IMG_20260508_152534.jpg,5,Pork Ham,not fresh,11:20:12,E:\Thesis Code\interval sampled\Pork Ham - Sample 5\Not fresh - 8 to 16 hours\IMG_20260508_152534.jpg
IMG_20260508_152834.jpg,5,Pork Ham,not fresh,11:22:37,E:\Thesis Code\interval sampled\Pork Ham - Sample 5\Not fresh - 8 to 16 hours\IMG_20260508_152834.jpg
IMG_20260508_153034.jpg,5,Pork Ham,not fresh,11:25:02,E:\Thesis Code\interval sampled\Pork Ham - Sample 5\Not fresh - 8 to 16 hours\IMG_20260508_153034.jpg
IMG_20260508_153334.jpg,5,Pork Ham,not fresh,11:27:26,E:\Thesis Code\interval sampled\Pork Ham - Sample 5\Not fresh - 8 to 16 hours\IMG_20260508_153334.jpg
IMG_20260508_153534.jpg,5,Pork Ham,not fresh,11:29:51,E:\Thesis Code\interval sampled\Pork Ham - Sample 5\Not fresh - 8 to 16 hours\IMG_20260508_153534.jpg
IMG_20260508_153734.jpg,5,Pork Ham,not fresh,11:32:16,E:\Thesis Code\interval sampled\Pork Ham - Sample 5\Not fresh - 8 to 16 hours\IMG_20260508_153734.jpg
IMG_20260508_154034.jpg,5,Pork Ham,not fresh,11:34:40,E:\Thesis Code\interval sampled\Pork Ham - Sample 5\Not fresh - 8 to 16 hours\IMG_20260508_154034.jpg
IMG_20260508_154234.jpg,5,Pork Ham,not fresh,11:37:05,E:\Thesis Code\interval sampled\Pork Ham - Sample 5\Not fresh - 8 to 16 hours\IMG_20260508_154234.jpg
IMG_20260508_154534.jpg,5,Pork Ham,not fresh,11:39:30,E:\Thesis Code\interval sampled\Pork Ham - Sample 5\Not fresh - 8 to 16 hours\IMG_20260508_154534.jpg
IMG_20260508_154734.jpg,5,Pork Ham,not fresh,11:41:55,E:\Thesis Code\interval sampled\Pork Ham - Sample 5\Not fresh - 8 to 16 hours\IMG_20260508_154734.jpg
IMG_20260508_154934.jpg,5,Pork Ham,not fresh,11:44:19,E:\Thesis Code\interval sampled\Pork Ham - Sample 5\Not fresh - 8 to 16 hours\IMG_20260508_154934.jpg
IMG_20260508_155234.jpg,5,Pork Ham,not fresh,11:46:44,E:\Thesis Code\interval sampled\Pork Ham - Sample 5\Not fresh - 8 to 16 hours\IMG_20260508_155234.jpg
IMG_20260508_155434.jpg,5,Pork Ham,not fresh,11:49:09,E:\Thesis Code\interval sampled\Pork Ham - Sample 5\Not fresh - 8 to 16 hours\IMG_20260508_155434.jpg
IMG_20260508_155737.jpg,5,Pork Ham,not fresh,11:51:33,E:\Thesis Code\interval sampled\Pork Ham - Sample 5\Not fresh - 8 to 16 hours\IMG_20260508_155737.jpg
IMG_20260508_155946.jpg,5,Pork Ham,not fresh,11:53:58,E:\Thesis Code\interval sampled\Pork Ham - Sample 5\Not fresh - 8 to 16 hours\IMG_20260508_155946.jpg
IMG_20260508_160146.jpg,5,Pork Ham,not fresh,11:56:23,E:\Thesis Code\interval sampled\Pork Ham - Sample 5\Not fresh - 8 to 16 hours\IMG_20260508_160146.jpg
IMG_20260508_160444.jpg,5,Pork Ham,not fresh,11:58:48,E:\Thesis Code\interval sampled\Pork Ham - Sample 5\Not fresh - 8 to 16 hours\IMG_20260508_160444.jpg
IMG_20260508_160643.jpg,5,Pork Ham,not fresh,12:01:12,E:\Thesis Code\interval sampled\Pork Ham - Sample 5\Not fresh - 8 to 16 hours\IMG_20260508_160643.jpg
IMG_20260508_160943.jpg,5,Pork Ham,not fresh,12:03:37,E:\Thesis Code\interval sampled\Pork Ham - Sample 5\Not fresh - 8 to 16 hours\IMG_20260508_160943.jpg
IMG_20260508_161144.jpg,5,Pork Ham,not fresh,12:06:02,E:\Thesis Code\interval sampled\Pork Ham - Sample 5\Not fresh - 8 to 16 hours\IMG_20260508_161144.jpg
IMG_20260508_161344.jpg,5,Pork Ham,not fresh,12:08:27,E:\Thesis Code\interval sampled\Pork Ham - Sample 5\Not fresh - 8 to 16 hours\IMG_20260508_161344.jpg
IMG_20260508_161643.jpg,5,Pork Ham,not fresh,12:10:51,E:\Thesis Code\interval sampled\Pork Ham - Sample 5\Not fresh - 8 to 16 hours\IMG_20260508_161643.jpg
IMG_20260508_161843.jpg,5,Pork Ham,not fresh,12:13:16,E:\Thesis Code\interval sampled\Pork Ham - Sample 5\Not fresh - 8 to 16 hours\IMG_20260508_161843.jpg
IMG_20260508_162143.jpg,5,Pork Ham,not fresh,12:15:41,E:\Thesis Code\interval sampled\Pork Ham - Sample 5\Not fresh - 8 to 16 hours\IMG_20260508_162143.jpg
IMG_20260508_162343.jpg,5,Pork Ham,not fresh,12:18:05,E:\Thesis Code\interval sampled\Pork Ham - Sample 5\Not fresh - 8 to 16 hours\IMG_20260508_162343.jpg
IMG_20260508_162543.jpg,5,Pork Ham,not fresh,12:20:30,E:\Thesis Code\interval sampled\Pork Ham - Sample 5\Not fresh - 8 to 16 hours\IMG_20260508_162543.jpg
IMG_20260508_162844.jpg,5,Pork Ham,not fresh,12:22:55,E:\Thesis Code\interval sampled\Pork Ham - Sample 5\Not fresh - 8 to 16 hours\IMG_20260508_162844.jpg
IMG_20260508_163044.jpg,5,Pork Ham,not fresh,12:25:20,E:\Thesis Code\interval sampled\Pork Ham - Sample 5\Not fresh - 8 to 16 hours\IMG_20260508_163044.jpg
IMG_20260508_163344.jpg,5,Pork Ham,not fresh,12:27:44,E:\Thesis Code\interval sampled\Pork Ham - Sample 5\Not fresh - 8 to 16 hours\IMG_20260508_163344.jpg
IMG_20260508_163544.jpg,5,Pork Ham,not fresh,12:30:09,E:\Thesis Code\interval sampled\Pork Ham - Sample 5\Not fresh - 8 to 16 hours\IMG_20260508_163544.jpg
IMG_20260508_163744.jpg,5,Pork Ham,not fresh,12:32:34,E:\Thesis Code\interval sampled\Pork Ham - Sample 5\Not fresh - 8 to 16 hours\IMG_20260508_163744.jpg
IMG_20260508_164044.jpg,5,Pork Ham,not fresh,12:34:58,E:\Thesis Code\interval sampled\Pork Ham - Sample 5\Not fresh - 8 to 16 hours\IMG_20260508_164044.jpg
IMG_20260508_164244.jpg,5,Pork Ham,not fresh,12:37:23,E:\Thesis Code\interval sampled\Pork Ham - Sample 5\Not fresh - 8 to 16 hours\IMG_20260508_164244.jpg
IMG_20260508_164544.jpg,5,Pork Ham,not fresh,12:39:48,E:\Thesis Code\interval sampled\Pork Ham - Sample 5\Not fresh - 8 to 16 hours\IMG_20260508_164544.jpg
IMG_20260508_164744.jpg,5,Pork Ham,not fresh,12:42:13,E:\Thesis Code\interval sampled\Pork Ham - Sample 5\Not fresh - 8 to 16 hours\IMG_20260508_164744.jpg
IMG_20260508_164944.jpg,5,Pork Ham,not fresh,12:44:37,E:\Thesis Code\interval sampled\Pork Ham - Sample 5\Not fresh - 8 to 16 hours\IMG_20260508_164944.jpg
IMG_20260508_165244.jpg,5,Pork Ham,not fresh,12:47:02,E:\Thesis Code\interval sampled\Pork Ham - Sample 5\Not fresh - 8 to 16 hours\IMG_20260508_165244.jpg
IMG_20260508_165444.jpg,5,Pork Ham,not fresh,12:49:27,E:\Thesis Code\interval sampled\Pork Ham - Sample 5\Not fresh - 8 to 16 hours\IMG_20260508_165444.jpg
IMG_20260508_165744.jpg,5,Pork Ham,not fresh,12:51:52,E:\Thesis Code\interval sampled\Pork Ham - Sample 5\Not fresh - 8 to 16 hours\IMG_20260508_165744.jpg
IMG_20260508_165945.jpg,5,Pork Ham,not fresh,12:54:16,E:\Thesis Code\interval sampled\Pork Ham - Sample 5\Not fresh - 8 to 16 hours\IMG_20260508_165945.jpg
IMG_20260508_170144.jpg,5,Pork Ham,not fresh,12:56:41,E:\Thesis Code\interval sampled\Pork Ham - Sample 5\Not fresh - 8 to 16 hours\IMG_20260508_170144.jpg
IMG_20260508_170444.jpg,5,Pork Ham,not fresh,12:59:06,E:\Thesis Code\interval sampled\Pork Ham - Sample 5\Not fresh - 8 to 16 hours\IMG_20260508_170444.jpg
IMG_20260508_170644.jpg,5,Pork Ham,not fresh,13:01:30,E:\Thesis Code\interval sampled\Pork Ham - Sample 5\Not fresh - 8 to 16 hours\IMG_20260508_170644.jpg
IMG_20260508_170944.jpg,5,Pork Ham,not fresh,13:03:55,E:\Thesis Code\interval sampled\Pork Ham - Sample 5\Not fresh - 8 to 16 hours\IMG_20260508_170944.jpg
IMG_20260508_171144.jpg,5,Pork Ham,not fresh,13:06:20,E:\Thesis Code\interval sampled\Pork Ham - Sample 5\Not fresh - 8 to 16 hours\IMG_20260508_171144.jpg
IMG_20260508_171345.jpg,5,Pork Ham,not fresh,13:08:45,E:\Thesis Code\interval sampled\Pork Ham - Sample 5\Not fresh - 8 to 16 hours\IMG_20260508_171345.jpg
IMG_20260508_171645.jpg,5,Pork Ham,not fresh,13:11:09,E:\Thesis Code\interval sampled\Pork Ham - Sample 5\Not fresh - 8 to 16 hours\IMG_20260508_171645.jpg
IMG_20260508_171745.jpg,5,Pork Ham,not fresh,13:13:34,E:\Thesis Code\interval sampled\Pork Ham - Sample 5\Not fresh - 8 to 16 hours\IMG_20260508_171745.jpg
IMG_20260508_172723.jpg,5,Pork Ham,not fresh,13:15:59,E:\Thesis Code\interval sampled\Pork Ham - Sample 5\Not fresh - 8 to 16 hours\IMG_20260508_172723.jpg
IMG_20260508_172923.jpg,5,Pork Ham,not fresh,13:18:24,E:\Thesis Code\interval sampled\Pork Ham - Sample 5\Not fresh - 8 to 16 hours\IMG_20260508_172923.jpg
IMG_20260508_173123.jpg,5,Pork Ham,not fresh,13:20:48,E:\Thesis Code\interval sampled\Pork Ham - Sample 5\Not fresh - 8 to 16 hours\IMG_20260508_173123.jpg
IMG_20260508_173423.jpg,5,Pork Ham,not fresh,13:23:13,E:\Thesis Code\interval sampled\Pork Ham - Sample 5\Not fresh - 8 to 16 hours\IMG_20260508_173423.jpg
IMG_20260508_173623.jpg,5,Pork Ham,not fresh,13:25:38,E:\Thesis Code\interval sampled\Pork Ham - Sample 5\Not fresh - 8 to 16 hours\IMG_20260508_173623.jpg
IMG_20260508_173923.jpg,5,Pork Ham,not fresh,13:28:02,E:\Thesis Code\interval sampled\Pork Ham - Sample 5\Not fresh - 8 to 16 hours\IMG_20260508_173923.jpg
IMG_20260508_174123.jpg,5,Pork Ham,not fresh,13:30:27,E:\Thesis Code\interval sampled\Pork Ham - Sample 5\Not fresh - 8 to 16 hours\IMG_20260508_174123.jpg
IMG_20260508_174323.jpg,5,Pork Ham,not fresh,13:32:52,E:\Thesis Code\interval sampled\Pork Ham - Sample 5\Not fresh - 8 to 16 hours\IMG_20260508_174323.jpg
IMG_20260508_174623.jpg,5,Pork Ham,not fresh,13:35:17,E:\Thesis Code\interval sampled\Pork Ham - Sample 5\Not fresh - 8 to 16 hours\IMG_20260508_174623.jpg
IMG_20260508_174823.jpg,5,Pork Ham,not fresh,13:37:41,E:\Thesis Code\interval sampled\Pork Ham - Sample 5\Not fresh - 8 to 16 hours\IMG_20260508_174823.jpg
IMG_20260508_175123.jpg,5,Pork Ham,not fresh,13:40:06,E:\Thesis Code\interval sampled\Pork Ham - Sample 5\Not fresh - 8 to 16 hours\IMG_20260508_175123.jpg
IMG_20260508_175323.jpg,5,Pork Ham,not fresh,13:42:31,E:\Thesis Code\interval sampled\Pork Ham - Sample 5\Not fresh - 8 to 16 hours\IMG_20260508_175323.jpg
IMG_20260508_175523.jpg,5,Pork Ham,not fresh,13:44:55,E:\Thesis Code\interval sampled\Pork Ham - Sample 5\Not fresh - 8 to 16 hours\IMG_20260508_175523.jpg
IMG_20260508_175823.jpg,5,Pork Ham,not fresh,13:47:20,E:\Thesis Code\interval sampled\Pork Ham - Sample 5\Not fresh - 8 to 16 hours\IMG_20260508_175823.jpg
IMG_20260508_180023.jpg,5,Pork Ham,not fresh,13:49:45,E:\Thesis Code\interval sampled\Pork Ham - Sample 5\Not fresh - 8 to 16 hours\IMG_20260508_180023.jpg
IMG_20260508_180323.jpg,5,Pork Ham,not fresh,13:52:10,E:\Thesis Code\interval sampled\Pork Ham - Sample 5\Not fresh - 8 to 16 hours\IMG_20260508_180323.jpg
IMG_20260508_180523.jpg,5,Pork Ham,not fresh,13:54:34,E:\Thesis Code\interval sampled\Pork Ham - Sample 5\Not fresh - 8 to 16 hours\IMG_20260508_180523.jpg
IMG_20260508_180723.jpg,5,Pork Ham,not fresh,13:56:59,E:\Thesis Code\interval sampled\Pork Ham - Sample 5\Not fresh - 8 to 16 hours\IMG_20260508_180723.jpg
IMG_20260508_181023.jpg,5,Pork Ham,not fresh,13:59:24,E:\Thesis Code\interval sampled\Pork Ham - Sample 5\Not fresh - 8 to 16 hours\IMG_20260508_181023.jpg
IMG_20260508_181223.jpg,5,Pork Ham,not fresh,14:01:49,E:\Thesis Code\interval sampled\Pork Ham - Sample 5\Not fresh - 8 to 16 hours\IMG_20260508_181223.jpg
IMG_20260508_181523.jpg,5,Pork Ham,not fresh,14:04:13,E:\Thesis Code\interval sampled\Pork Ham - Sample 5\Not fresh - 8 to 16 hours\IMG_20260508_181523.jpg
IMG_20260508_181723.jpg,5,Pork Ham,not fresh,14:06:38,E:\Thesis Code\interval sampled\Pork Ham - Sample 5\Not fresh - 8 to 16 hours\IMG_20260508_181723.jpg
IMG_20260508_182023.jpg,5,Pork Ham,not fresh,14:09:03,E:\Thesis Code\interval sampled\Pork Ham - Sample 5\Not fresh - 8 to 16 hours\IMG_20260508_182023.jpg
IMG_20260508_182224.jpg,5,Pork Ham,not fresh,14:11:27,E:\Thesis Code\interval sampled\Pork Ham - Sample 5\Not fresh - 8 to 16 hours\IMG_20260508_182224.jpg
IMG_20260508_182424.jpg,5,Pork Ham,not fresh,14:13:52,E:\Thesis Code\interval sampled\Pork Ham - Sample 5\Not fresh - 8 to 16 hours\IMG_20260508_182424.jpg
IMG_20260508_182724.jpg,5,Pork Ham,not fresh,14:16:17,E:\Thesis Code\interval sampled\Pork Ham - Sample 5\Not fresh - 8 to 16 hours\IMG_20260508_182724.jpg
IMG_20260508_182924.jpg,5,Pork Ham,not fresh,14:18:42,E:\Thesis Code\interval sampled\Pork Ham - Sample 5\Not fresh - 8 to 16 hours\IMG_20260508_182924.jpg
IMG_20260508_183224.jpg,5,Pork Ham,not fresh,14:21:06,E:\Thesis Code\interval sampled\Pork Ham - Sample 5\Not fresh - 8 to 16 hours\IMG_20260508_183224.jpg
IMG_20260508_183424.jpg,5,Pork Ham,not fresh,14:23:31,E:\Thesis Code\interval sampled\Pork Ham - Sample 5\Not fresh - 8 to 16 hours\IMG_20260508_183424.jpg
IMG_20260508_183624.jpg,5,Pork Ham,not fresh,14:25:56,E:\Thesis Code\interval sampled\Pork Ham - Sample 5\Not fresh - 8 to 16 hours\IMG_20260508_183624.jpg
IMG_20260508_183924.jpg,5,Pork Ham,not fresh,14:28:21,E:\Thesis Code\interval sampled\Pork Ham - Sample 5\Not fresh - 8 to 16 hours\IMG_20260508_183924.jpg
IMG_20260508_184124.jpg,5,Pork Ham,not fresh,14:30:45,E:\Thesis Code\interval sampled\Pork Ham - Sample 5\Not fresh - 8 to 16 hours\IMG_20260508_184124.jpg
IMG_20260508_184424.jpg,5,Pork Ham,not fresh,14:33:10,E:\Thesis Code\interval sampled\Pork Ham - Sample 5\Not fresh - 8 to 16 hours\IMG_20260508_184424.jpg
IMG_20260508_184624.jpg,5,Pork Ham,not fresh,14:35:35,E:\Thesis Code\interval sampled\Pork Ham - Sample 5\Not fresh - 8 to 16 hours\IMG_20260508_184624.jpg
IMG_20260508_184824.jpg,5,Pork Ham,not fresh,14:37:59,E:\Thesis Code\interval sampled\Pork Ham - Sample 5\Not fresh - 8 to 16 hours\IMG_20260508_184824.jpg
IMG_20260508_185124.jpg,5,Pork Ham,not fresh,14:40:24,E:\Thesis Code\interval sampled\Pork Ham - Sample 5\Not fresh - 8 to 16 hours\IMG_20260508_185124.jpg
IMG_20260508_185324.jpg,5,Pork Ham,not fresh,14:42:49,E:\Thesis Code\interval sampled\Pork Ham - Sample 5\Not fresh - 8 to 16 hours\IMG_20260508_185324.jpg
IMG_20260508_185624.jpg,5,Pork Ham,not fresh,14:45:14,E:\Thesis Code\interval sampled\Pork Ham - Sample 5\Not fresh - 8 to 16 hours\IMG_20260508_185624.jpg
IMG_20260508_185824.jpg,5,Pork Ham,not fresh,14:47:38,E:\Thesis Code\interval sampled\Pork Ham - Sample 5\Not fresh - 8 to 16 hours\IMG_20260508_185824.jpg
IMG_20260508_190024.jpg,5,Pork Ham,not fresh,14:50:03,E:\Thesis Code\interval sampled\Pork Ham - Sample 5\Not fresh - 8 to 16 hours\IMG_20260508_190024.jpg
IMG_20260508_190324.jpg,5,Pork Ham,not fresh,14:52:28,E:\Thesis Code\interval sampled\Pork Ham - Sample 5\Not fresh - 8 to 16 hours\IMG_20260508_190324.jpg
IMG_20260508_190524.jpg,5,Pork Ham,not fresh,14:54:52,E:\Thesis Code\interval sampled\Pork Ham - Sample 5\Not fresh - 8 to 16 hours\IMG_20260508_190524.jpg
IMG_20260508_190824.jpg,5,Pork Ham,not fresh,14:57:17,E:\Thesis Code\interval sampled\Pork Ham - Sample 5\Not fresh - 8 to 16 hours\IMG_20260508_190824.jpg
IMG_20260508_191024.jpg,5,Pork Ham,not fresh,14:59:42,E:\Thesis Code\interval sampled\Pork Ham - Sample 5\Not fresh - 8 to 16 hours\IMG_20260508_191024.jpg
IMG_20260508_191224.jpg,5,Pork Ham,not fresh,15:02:07,E:\Thesis Code\interval sampled\Pork Ham - Sample 5\Not fresh - 8 to 16 hours\IMG_20260508_191224.jpg
IMG_20260508_191524.jpg,5,Pork Ham,not fresh,15:04:31,E:\Thesis Code\interval sampled\Pork Ham - Sample 5\Not fresh - 8 to 16 hours\IMG_20260508_191524.jpg
IMG_20260508_191724.jpg,5,Pork Ham,not fresh,15:06:56,E:\Thesis Code\interval sampled\Pork Ham - Sample 5\Not fresh - 8 to 16 hours\IMG_20260508_191724.jpg
IMG_20260508_192024.jpg,5,Pork Ham,not fresh,15:09:21,E:\Thesis Code\interval sampled\Pork Ham - Sample 5\Not fresh - 8 to 16 hours\IMG_20260508_192024.jpg
IMG_20260508_192224.jpg,5,Pork Ham,not fresh,15:11:46,E:\Thesis Code\interval sampled\Pork Ham - Sample 5\Not fresh - 8 to 16 hours\IMG_20260508_192224.jpg
IMG_20260508_192424.jpg,5,Pork Ham,not fresh,15:14:10,E:\Thesis Code\interval sampled\Pork Ham - Sample 5\Not fresh - 8 to 16 hours\IMG_20260508_192424.jpg
IMG_20260508_192724.jpg,5,Pork Ham,not fresh,15:16:35,E:\Thesis Code\interval sampled\Pork Ham - Sample 5\Not fresh - 8 to 16 hours\IMG_20260508_192724.jpg
IMG_20260508_192924.jpg,5,Pork Ham,not fresh,15:19:00,E:\Thesis Code\interval sampled\Pork Ham - Sample 5\Not fresh - 8 to 16 hours\IMG_20260508_192924.jpg
IMG_20260508_193224.jpg,5,Pork Ham,not fresh,15:21:24,E:\Thesis Code\interval sampled\Pork Ham - Sample 5\Not fresh - 8 to 16 hours\IMG_20260508_193224.jpg
IMG_20260508_193424.jpg,5,Pork Ham,not fresh,15:23:49,E:\Thesis Code\interval sampled\Pork Ham - Sample 5\Not fresh - 8 to 16 hours\IMG_20260508_193424.jpg
IMG_20260508_193624.jpg,5,Pork Ham,not fresh,15:26:14,E:\Thesis Code\interval sampled\Pork Ham - Sample 5\Not fresh - 8 to 16 hours\IMG_20260508_193624.jpg
IMG_20260508_193924.jpg,5,Pork Ham,not fresh,15:28:39,E:\Thesis Code\interval sampled\Pork Ham - Sample 5\Not fresh - 8 to 16 hours\IMG_20260508_193924.jpg
IMG_20260508_194124.jpg,5,Pork Ham,not fresh,15:31:03,E:\Thesis Code\interval sampled\Pork Ham - Sample 5\Not fresh - 8 to 16 hours\IMG_20260508_194124.jpg
IMG_20260508_194424.jpg,5,Pork Ham,not fresh,15:33:28,E:\Thesis Code\interval sampled\Pork Ham - Sample 5\Not fresh - 8 to 16 hours\IMG_20260508_194424.jpg
IMG_20260508_194624.jpg,5,Pork Ham,not fresh,15:35:53,E:\Thesis Code\interval sampled\Pork Ham - Sample 5\Not fresh - 8 to 16 hours\IMG_20260508_194624.jpg
IMG_20260508_194824.jpg,5,Pork Ham,not fresh,15:38:17,E:\Thesis Code\interval sampled\Pork Ham - Sample 5\Not fresh - 8 to 16 hours\IMG_20260508_194824.jpg
IMG_20260508_195124.jpg,5,Pork Ham,not fresh,15:40:42,E:\Thesis Code\interval sampled\Pork Ham - Sample 5\Not fresh - 8 to 16 hours\IMG_20260508_195124.jpg
IMG_20260508_195324.jpg,5,Pork Ham,not fresh,15:43:07,E:\Thesis Code\interval sampled\Pork Ham - Sample 5\Not fresh - 8 to 16 hours\IMG_20260508_195324.jpg
IMG_20260508_195624.jpg,5,Pork Ham,not fresh,15:45:32,E:\Thesis Code\interval sampled\Pork Ham - Sample 5\Not fresh - 8 to 16 hours\IMG_20260508_195624.jpg
IMG_20260508_195824.jpg,5,Pork Ham,not fresh,15:47:56,E:\Thesis Code\interval sampled\Pork Ham - Sample 5\Not fresh - 8 to 16 hours\IMG_20260508_195824.jpg
IMG_20260508_200024.jpg,5,Pork Ham,not fresh,15:50:21,E:\Thesis Code\interval sampled\Pork Ham - Sample 5\Not fresh - 8 to 16 hours\IMG_20260508_200024.jpg
IMG_20260508_200324.jpg,5,Pork Ham,not fresh,15:52:46,E:\Thesis Code\interval sampled\Pork Ham - Sample 5\Not fresh - 8 to 16 hours\IMG_20260508_200324.jpg
IMG_20260508_200524.jpg,5,Pork Ham,not fresh,15:55:11,E:\Thesis Code\interval sampled\Pork Ham - Sample 5\Not fresh - 8 to 16 hours\IMG_20260508_200524.jpg
IMG_20260508_200824.jpg,5,Pork Ham,not fresh,15:57:35,E:\Thesis Code\interval sampled\Pork Ham - Sample 5\Not fresh - 8 to 16 hours\IMG_20260508_200824.jpg
IMG_20260508_201024.jpg,5,Pork Ham,not fresh,16:00:00,E:\Thesis Code\interval sampled\Pork Ham - Sample 5\Not fresh - 8 to 16 hours\IMG_20260508_201024.jpg
IMG_20260508_201124.jpg,5,Pork Ham,spoiled,16:00:00,E:\Thesis Code\interval sampled\Pork Ham - Sample 5\Spoiled - 16 to 28 hours\IMG_20260508_201124.jpg
IMG_20260508_201824.jpg,5,Pork Ham,spoiled,16:03:37,E:\Thesis Code\interval sampled\Pork Ham - Sample 5\Spoiled - 16 to 28 hours\IMG_20260508_201824.jpg
IMG_20260508_202524.jpg,5,Pork Ham,spoiled,16:07:14,E:\Thesis Code\interval sampled\Pork Ham - Sample 5\Spoiled - 16 to 28 hours\IMG_20260508_202524.jpg
IMG_20260508_203324.jpg,5,Pork Ham,spoiled,16:10:51,E:\Thesis Code\interval sampled\Pork Ham - Sample 5\Spoiled - 16 to 28 hours\IMG_20260508_203324.jpg
IMG_20260508_204024.jpg,5,Pork Ham,spoiled,16:14:28,E:\Thesis Code\interval sampled\Pork Ham - Sample 5\Spoiled - 16 to 28 hours\IMG_20260508_204024.jpg
IMG_20260508_204724.jpg,5,Pork Ham,spoiled,16:18:05,E:\Thesis Code\interval sampled\Pork Ham - Sample 5\Spoiled - 16 to 28 hours\IMG_20260508_204724.jpg
IMG_20260508_205424.jpg,5,Pork Ham,spoiled,16:21:43,E:\Thesis Code\interval sampled\Pork Ham - Sample 5\Spoiled - 16 to 28 hours\IMG_20260508_205424.jpg
IMG_20260508_210124.jpg,5,Pork Ham,spoiled,16:25:20,E:\Thesis Code\interval sampled\Pork Ham - Sample 5\Spoiled - 16 to 28 hours\IMG_20260508_210124.jpg
IMG_20260508_210824.jpg,5,Pork Ham,spoiled,16:28:57,E:\Thesis Code\interval sampled\Pork Ham - Sample 5\Spoiled - 16 to 28 hours\IMG_20260508_210824.jpg
IMG_20260508_211624.jpg,5,Pork Ham,spoiled,16:32:34,E:\Thesis Code\interval sampled\Pork Ham - Sample 5\Spoiled - 16 to 28 hours\IMG_20260508_211624.jpg
IMG_20260508_212324.jpg,5,Pork Ham,spoiled,16:36:11,E:\Thesis Code\interval sampled\Pork Ham - Sample 5\Spoiled - 16 to 28 hours\IMG_20260508_212324.jpg
IMG_20260508_213024.jpg,5,Pork Ham,spoiled,16:39:48,E:\Thesis Code\interval sampled\Pork Ham - Sample 5\Spoiled - 16 to 28 hours\IMG_20260508_213024.jpg
IMG_20260508_213724.jpg,5,Pork Ham,spoiled,16:43:25,E:\Thesis Code\interval sampled\Pork Ham - Sample 5\Spoiled - 16 to 28 hours\IMG_20260508_213724.jpg
IMG_20260508_214424.jpg,5,Pork Ham,spoiled,16:47:02,E:\Thesis Code\interval sampled\Pork Ham - Sample 5\Spoiled - 16 to 28 hours\IMG_20260508_214424.jpg
IMG_20260508_215224.jpg,5,Pork Ham,spoiled,16:50:39,E:\Thesis Code\interval sampled\Pork Ham - Sample 5\Spoiled - 16 to 28 hours\IMG_20260508_215224.jpg
IMG_20260508_215924.jpg,5,Pork Ham,spoiled,16:54:16,E:\Thesis Code\interval sampled\Pork Ham - Sample 5\Spoiled - 16 to 28 hours\IMG_20260508_215924.jpg
IMG_20260508_220625.jpg,5,Pork Ham,spoiled,16:57:53,E:\Thesis Code\interval sampled\Pork Ham - Sample 5\Spoiled - 16 to 28 hours\IMG_20260508_220625.jpg
IMG_20260508_221325.jpg,5,Pork Ham,spoiled,17:01:30,E:\Thesis Code\interval sampled\Pork Ham - Sample 5\Spoiled - 16 to 28 hours\IMG_20260508_221325.jpg
IMG_20260508_222025.jpg,5,Pork Ham,spoiled,17:05:08,E:\Thesis Code\interval sampled\Pork Ham - Sample 5\Spoiled - 16 to 28 hours\IMG_20260508_222025.jpg
IMG_20260508_222825.jpg,5,Pork Ham,spoiled,17:08:45,E:\Thesis Code\interval sampled\Pork Ham - Sample 5\Spoiled - 16 to 28 hours\IMG_20260508_222825.jpg
IMG_20260508_223525.jpg,5,Pork Ham,spoiled,17:12:22,E:\Thesis Code\interval sampled\Pork Ham - Sample 5\Spoiled - 16 to 28 hours\IMG_20260508_223525.jpg
IMG_20260508_224225.jpg,5,Pork Ham,spoiled,17:15:59,E:\Thesis Code\interval sampled\Pork Ham - Sample 5\Spoiled - 16 to 28 hours\IMG_20260508_224225.jpg
IMG_20260508_224925.jpg,5,Pork Ham,spoiled,17:19:36,E:\Thesis Code\interval sampled\Pork Ham - Sample 5\Spoiled - 16 to 28 hours\IMG_20260508_224925.jpg
IMG_20260508_225625.jpg,5,Pork Ham,spoiled,17:23:13,E:\Thesis Code\interval sampled\Pork Ham - Sample 5\Spoiled - 16 to 28 hours\IMG_20260508_225625.jpg
IMG_20260508_230325.jpg,5,Pork Ham,spoiled,17:26:50,E:\Thesis Code\interval sampled\Pork Ham - Sample 5\Spoiled - 16 to 28 hours\IMG_20260508_230325.jpg
IMG_20260508_231125.jpg,5,Pork Ham,spoiled,17:30:27,E:\Thesis Code\interval sampled\Pork Ham - Sample 5\Spoiled - 16 to 28 hours\IMG_20260508_231125.jpg
IMG_20260508_231825.jpg,5,Pork Ham,spoiled,17:34:04,E:\Thesis Code\interval sampled\Pork Ham - Sample 5\Spoiled - 16 to 28 hours\IMG_20260508_231825.jpg
IMG_20260508_232525.jpg,5,Pork Ham,spoiled,17:37:41,E:\Thesis Code\interval sampled\Pork Ham - Sample 5\Spoiled - 16 to 28 hours\IMG_20260508_232525.jpg
IMG_20260508_233225.jpg,5,Pork Ham,spoiled,17:41:18,E:\Thesis Code\interval sampled\Pork Ham - Sample 5\Spoiled - 16 to 28 hours\IMG_20260508_233225.jpg
IMG_20260508_233925.jpg,5,Pork Ham,spoiled,17:44:55,E:\Thesis Code\interval sampled\Pork Ham - Sample 5\Spoiled - 16 to 28 hours\IMG_20260508_233925.jpg
IMG_20260508_234725.jpg,5,Pork Ham,spoiled,17:48:33,E:\Thesis Code\interval sampled\Pork Ham - Sample 5\Spoiled - 16 to 28 hours\IMG_20260508_234725.jpg
IMG_20260508_235425.jpg,5,Pork Ham,spoiled,17:52:10,E:\Thesis Code\interval sampled\Pork Ham - Sample 5\Spoiled - 16 to 28 hours\IMG_20260508_235425.jpg
IMG_20260509_000125.jpg,5,Pork Ham,spoiled,17:55:47,E:\Thesis Code\interval sampled\Pork Ham - Sample 5\Spoiled - 16 to 28 hours\IMG_20260509_000125.jpg
IMG_20260509_000825.jpg,5,Pork Ham,spoiled,17:59:24,E:\Thesis Code\interval sampled\Pork Ham - Sample 5\Spoiled - 16 to 28 hours\IMG_20260509_000825.jpg
IMG_20260509_001525.jpg,5,Pork Ham,spoiled,18:03:01,E:\Thesis Code\interval sampled\Pork Ham - Sample 5\Spoiled - 16 to 28 hours\IMG_20260509_001525.jpg
IMG_20260509_002325.jpg,5,Pork Ham,spoiled,18:06:38,E:\Thesis Code\interval sampled\Pork Ham - Sample 5\Spoiled - 16 to 28 hours\IMG_20260509_002325.jpg
IMG_20260509_003025.jpg,5,Pork Ham,spoiled,18:10:15,E:\Thesis Code\interval sampled\Pork Ham - Sample 5\Spoiled - 16 to 28 hours\IMG_20260509_003025.jpg
IMG_20260509_003725.jpg,5,Pork Ham,spoiled,18:13:52,E:\Thesis Code\interval sampled\Pork Ham - Sample 5\Spoiled - 16 to 28 hours\IMG_20260509_003725.jpg
IMG_20260509_004425.jpg,5,Pork Ham,spoiled,18:17:29,E:\Thesis Code\interval sampled\Pork Ham - Sample 5\Spoiled - 16 to 28 hours\IMG_20260509_004425.jpg
IMG_20260509_005125.jpg,5,Pork Ham,spoiled,18:21:06,E:\Thesis Code\interval sampled\Pork Ham - Sample 5\Spoiled - 16 to 28 hours\IMG_20260509_005125.jpg
IMG_20260509_005825.jpg,5,Pork Ham,spoiled,18:24:43,E:\Thesis Code\interval sampled\Pork Ham - Sample 5\Spoiled - 16 to 28 hours\IMG_20260509_005825.jpg
IMG_20260509_010625.jpg,5,Pork Ham,spoiled,18:28:21,E:\Thesis Code\interval sampled\Pork Ham - Sample 5\Spoiled - 16 to 28 hours\IMG_20260509_010625.jpg
IMG_20260509_011325.jpg,5,Pork Ham,spoiled,18:31:58,E:\Thesis Code\interval sampled\Pork Ham - Sample 5\Spoiled - 16 to 28 hours\IMG_20260509_011325.jpg
IMG_20260509_012025.jpg,5,Pork Ham,spoiled,18:35:35,E:\Thesis Code\interval sampled\Pork Ham - Sample 5\Spoiled - 16 to 28 hours\IMG_20260509_012025.jpg
IMG_20260509_012725.jpg,5,Pork Ham,spoiled,18:39:12,E:\Thesis Code\interval sampled\Pork Ham - Sample 5\Spoiled - 16 to 28 hours\IMG_20260509_012725.jpg
IMG_20260509_013425.jpg,5,Pork Ham,spoiled,18:42:49,E:\Thesis Code\interval sampled\Pork Ham - Sample 5\Spoiled - 16 to 28 hours\IMG_20260509_013425.jpg
IMG_20260509_014225.jpg,5,Pork Ham,spoiled,18:46:26,E:\Thesis Code\interval sampled\Pork Ham - Sample 5\Spoiled - 16 to 28 hours\IMG_20260509_014225.jpg
IMG_20260509_014926.jpg,5,Pork Ham,spoiled,18:50:03,E:\Thesis Code\interval sampled\Pork Ham - Sample 5\Spoiled - 16 to 28 hours\IMG_20260509_014926.jpg
IMG_20260509_015626.jpg,5,Pork Ham,spoiled,18:53:40,E:\Thesis Code\interval sampled\Pork Ham - Sample 5\Spoiled - 16 to 28 hours\IMG_20260509_015626.jpg
IMG_20260509_020326.jpg,5,Pork Ham,spoiled,18:57:17,E:\Thesis Code\interval sampled\Pork Ham - Sample 5\Spoiled - 16 to 28 hours\IMG_20260509_020326.jpg
IMG_20260509_021026.jpg,5,Pork Ham,spoiled,19:00:54,E:\Thesis Code\interval sampled\Pork Ham - Sample 5\Spoiled - 16 to 28 hours\IMG_20260509_021026.jpg
IMG_20260509_021726.jpg,5,Pork Ham,spoiled,19:04:31,E:\Thesis Code\interval sampled\Pork Ham - Sample 5\Spoiled - 16 to 28 hours\IMG_20260509_021726.jpg
IMG_20260509_022526.jpg,5,Pork Ham,spoiled,19:08:08,E:\Thesis Code\interval sampled\Pork Ham - Sample 5\Spoiled - 16 to 28 hours\IMG_20260509_022526.jpg
IMG_20260509_023226.jpg,5,Pork Ham,spoiled,19:11:46,E:\Thesis Code\interval sampled\Pork Ham - Sample 5\Spoiled - 16 to 28 hours\IMG_20260509_023226.jpg
IMG_20260509_023926.jpg,5,Pork Ham,spoiled,19:15:23,E:\Thesis Code\interval sampled\Pork Ham - Sample 5\Spoiled - 16 to 28 hours\IMG_20260509_023926.jpg
IMG_20260509_024626.jpg,5,Pork Ham,spoiled,19:19:00,E:\Thesis Code\interval sampled\Pork Ham - Sample 5\Spoiled - 16 to 28 hours\IMG_20260509_024626.jpg
IMG_20260509_025326.jpg,5,Pork Ham,spoiled,19:22:37,E:\Thesis Code\interval sampled\Pork Ham - Sample 5\Spoiled - 16 to 28 hours\IMG_20260509_025326.jpg
IMG_20260509_030126.jpg,5,Pork Ham,spoiled,19:26:14,E:\Thesis Code\interval sampled\Pork Ham - Sample 5\Spoiled - 16 to 28 hours\IMG_20260509_030126.jpg
IMG_20260509_030826.jpg,5,Pork Ham,spoiled,19:29:51,E:\Thesis Code\interval sampled\Pork Ham - Sample 5\Spoiled - 16 to 28 hours\IMG_20260509_030826.jpg
IMG_20260509_031526.jpg,5,Pork Ham,spoiled,19:33:28,E:\Thesis Code\interval sampled\Pork Ham - Sample 5\Spoiled - 16 to 28 hours\IMG_20260509_031526.jpg
IMG_20260509_032226.jpg,5,Pork Ham,spoiled,19:37:05,E:\Thesis Code\interval sampled\Pork Ham - Sample 5\Spoiled - 16 to 28 hours\IMG_20260509_032226.jpg
IMG_20260509_032926.jpg,5,Pork Ham,spoiled,19:40:42,E:\Thesis Code\interval sampled\Pork Ham - Sample 5\Spoiled - 16 to 28 hours\IMG_20260509_032926.jpg
IMG_20260509_033726.jpg,5,Pork Ham,spoiled,19:44:19,E:\Thesis Code\interval sampled\Pork Ham - Sample 5\Spoiled - 16 to 28 hours\IMG_20260509_033726.jpg
IMG_20260509_034426.jpg,5,Pork Ham,spoiled,19:47:56,E:\Thesis Code\interval sampled\Pork Ham - Sample 5\Spoiled - 16 to 28 hours\IMG_20260509_034426.jpg
IMG_20260509_035126.jpg,5,Pork Ham,spoiled,19:51:33,E:\Thesis Code\interval sampled\Pork Ham - Sample 5\Spoiled - 16 to 28 hours\IMG_20260509_035126.jpg
IMG_20260509_035826.jpg,5,Pork Ham,spoiled,19:55:11,E:\Thesis Code\interval sampled\Pork Ham - Sample 5\Spoiled - 16 to 28 hours\IMG_20260509_035826.jpg
IMG_20260509_040526.jpg,5,Pork Ham,spoiled,19:58:48,E:\Thesis Code\interval sampled\Pork Ham - Sample 5\Spoiled - 16 to 28 hours\IMG_20260509_040526.jpg
IMG_20260509_041226.jpg,5,Pork Ham,spoiled,20:02:25,E:\Thesis Code\interval sampled\Pork Ham - Sample 5\Spoiled - 16 to 28 hours\IMG_20260509_041226.jpg
IMG_20260509_042026.jpg,5,Pork Ham,spoiled,20:06:02,E:\Thesis Code\interval sampled\Pork Ham - Sample 5\Spoiled - 16 to 28 hours\IMG_20260509_042026.jpg
IMG_20260509_042726.jpg,5,Pork Ham,spoiled,20:09:39,E:\Thesis Code\interval sampled\Pork Ham - Sample 5\Spoiled - 16 to 28 hours\IMG_20260509_042726.jpg
IMG_20260509_043426.jpg,5,Pork Ham,spoiled,20:13:16,E:\Thesis Code\interval sampled\Pork Ham - Sample 5\Spoiled - 16 to 28 hours\IMG_20260509_043426.jpg
IMG_20260509_044126.jpg,5,Pork Ham,spoiled,20:16:53,E:\Thesis Code\interval sampled\Pork Ham - Sample 5\Spoiled - 16 to 28 hours\IMG_20260509_044126.jpg
IMG_20260509_044826.jpg,5,Pork Ham,spoiled,20:20:30,E:\Thesis Code\interval sampled\Pork Ham - Sample 5\Spoiled - 16 to 28 hours\IMG_20260509_044826.jpg
IMG_20260509_045626.jpg,5,Pork Ham,spoiled,20:24:07,E:\Thesis Code\interval sampled\Pork Ham - Sample 5\Spoiled - 16 to 28 hours\IMG_20260509_045626.jpg
IMG_20260509_050326.jpg,5,Pork Ham,spoiled,20:27:44,E:\Thesis Code\interval sampled\Pork Ham - Sample 5\Spoiled - 16 to 28 hours\IMG_20260509_050326.jpg
IMG_20260509_051026.jpg,5,Pork Ham,spoiled,20:31:21,E:\Thesis Code\interval sampled\Pork Ham - Sample 5\Spoiled - 16 to 28 hours\IMG_20260509_051026.jpg
IMG_20260509_051726.jpg,5,Pork Ham,spoiled,20:34:58,E:\Thesis Code\interval sampled\Pork Ham - Sample 5\Spoiled - 16 to 28 hours\IMG_20260509_051726.jpg
IMG_20260509_052426.jpg,5,Pork Ham,spoiled,20:38:36,E:\Thesis Code\interval sampled\Pork Ham - Sample 5\Spoiled - 16 to 28 hours\IMG_20260509_052426.jpg
IMG_20260509_053226.jpg,5,Pork Ham,spoiled,20:42:13,E:\Thesis Code\interval sampled\Pork Ham - Sample 5\Spoiled - 16 to 28 hours\IMG_20260509_053226.jpg
IMG_20260509_053926.jpg,5,Pork Ham,spoiled,20:45:50,E:\Thesis Code\interval sampled\Pork Ham - Sample 5\Spoiled - 16 to 28 hours\IMG_20260509_053926.jpg
IMG_20260509_054626.jpg,5,Pork Ham,spoiled,20:49:27,E:\Thesis Code\interval sampled\Pork Ham - Sample 5\Spoiled - 16 to 28 hours\IMG_20260509_054626.jpg
IMG_20260509_055327.jpg,5,Pork Ham,spoiled,20:53:04,E:\Thesis Code\interval sampled\Pork Ham - Sample 5\Spoiled - 16 to 28 hours\IMG_20260509_055327.jpg
IMG_20260509_060027.jpg,5,Pork Ham,spoiled,20:56:41,E:\Thesis Code\interval sampled\Pork Ham - Sample 5\Spoiled - 16 to 28 hours\IMG_20260509_060027.jpg
IMG_20260509_060727.jpg,5,Pork Ham,spoiled,21:00:18,E:\Thesis Code\interval sampled\Pork Ham - Sample 5\Spoiled - 16 to 28 hours\IMG_20260509_060727.jpg
IMG_20260509_061527.jpg,5,Pork Ham,spoiled,21:03:55,E:\Thesis Code\interval sampled\Pork Ham - Sample 5\Spoiled - 16 to 28 hours\IMG_20260509_061527.jpg
IMG_20260509_062227.jpg,5,Pork Ham,spoiled,21:07:32,E:\Thesis Code\interval sampled\Pork Ham - Sample 5\Spoiled - 16 to 28 hours\IMG_20260509_062227.jpg
IMG_20260509_062927.jpg,5,Pork Ham,spoiled,21:11:09,E:\Thesis Code\interval sampled\Pork Ham - Sample 5\Spoiled - 16 to 28 hours\IMG_20260509_062927.jpg
IMG_20260509_063627.jpg,5,Pork Ham,spoiled,21:14:46,E:\Thesis Code\interval sampled\Pork Ham - Sample 5\Spoiled - 16 to 28 hours\IMG_20260509_063627.jpg
IMG_20260509_064327.jpg,5,Pork Ham,spoiled,21:18:24,E:\Thesis Code\interval sampled\Pork Ham - Sample 5\Spoiled - 16 to 28 hours\IMG_20260509_064327.jpg
IMG_20260509_065127.jpg,5,Pork Ham,spoiled,21:22:01,E:\Thesis Code\interval sampled\Pork Ham - Sample 5\Spoiled - 16 to 28 hours\IMG_20260509_065127.jpg
IMG_20260509_065827.jpg,5,Pork Ham,spoiled,21:25:38,E:\Thesis Code\interval sampled\Pork Ham - Sample 5\Spoiled - 16 to 28 hours\IMG_20260509_065827.jpg
IMG_20260509_070527.jpg,5,Pork Ham,spoiled,21:29:15,E:\Thesis Code\interval sampled\Pork Ham - Sample 5\Spoiled - 16 to 28 hours\IMG_20260509_070527.jpg
IMG_20260509_071227.jpg,5,Pork Ham,spoiled,21:32:52,E:\Thesis Code\interval sampled\Pork Ham - Sample 5\Spoiled - 16 to 28 hours\IMG_20260509_071227.jpg
IMG_20260509_071927.jpg,5,Pork Ham,spoiled,21:36:29,E:\Thesis Code\interval sampled\Pork Ham - Sample 5\Spoiled - 16 to 28 hours\IMG_20260509_071927.jpg
IMG_20260509_072627.jpg,5,Pork Ham,spoiled,21:40:06,E:\Thesis Code\interval sampled\Pork Ham - Sample 5\Spoiled - 16 to 28 hours\IMG_20260509_072627.jpg
IMG_20260509_073427.jpg,5,Pork Ham,spoiled,21:43:43,E:\Thesis Code\interval sampled\Pork Ham - Sample 5\Spoiled - 16 to 28 hours\IMG_20260509_073427.jpg
IMG_20260509_074127.jpg,5,Pork Ham,spoiled,21:47:20,E:\Thesis Code\interval sampled\Pork Ham - Sample 5\Spoiled - 16 to 28 hours\IMG_20260509_074127.jpg
IMG_20260509_074827.jpg,5,Pork Ham,spoiled,21:50:57,E:\Thesis Code\interval sampled\Pork Ham - Sample 5\Spoiled - 16 to 28 hours\IMG_20260509_074827.jpg
IMG_20260509_075527.jpg,5,Pork Ham,spoiled,21:54:34,E:\Thesis Code\interval sampled\Pork Ham - Sample 5\Spoiled - 16 to 28 hours\IMG_20260509_075527.jpg
IMG_20260509_080227.jpg,5,Pork Ham,spoiled,21:58:11,E:\Thesis Code\interval sampled\Pork Ham - Sample 5\Spoiled - 16 to 28 hours\IMG_20260509_080227.jpg
IMG_20260509_081027.jpg,5,Pork Ham,spoiled,22:01:49,E:\Thesis Code\interval sampled\Pork Ham - Sample 5\Spoiled - 16 to 28 hours\IMG_20260509_081027.jpg
IMG_20260509_081727.jpg,5,Pork Ham,spoiled,22:05:26,E:\Thesis Code\interval sampled\Pork Ham - Sample 5\Spoiled - 16 to 28 hours\IMG_20260509_081727.jpg
IMG_20260509_082427.jpg,5,Pork Ham,spoiled,22:09:03,E:\Thesis Code\interval sampled\Pork Ham - Sample 5\Spoiled - 16 to 28 hours\IMG_20260509_082427.jpg
IMG_20260509_083127.jpg,5,Pork Ham,spoiled,22:12:40,E:\Thesis Code\interval sampled\Pork Ham - Sample 5\Spoiled - 16 to 28 hours\IMG_20260509_083127.jpg
IMG_20260509_083827.jpg,5,Pork Ham,spoiled,22:16:17,E:\Thesis Code\interval sampled\Pork Ham - Sample 5\Spoiled - 16 to 28 hours\IMG_20260509_083827.jpg
IMG_20260509_084627.jpg,5,Pork Ham,spoiled,22:19:54,E:\Thesis Code\interval sampled\Pork Ham - Sample 5\Spoiled - 16 to 28 hours\IMG_20260509_084627.jpg
IMG_20260509_085327.jpg,5,Pork Ham,spoiled,22:23:31,E:\Thesis Code\interval sampled\Pork Ham - Sample 5\Spoiled - 16 to 28 hours\IMG_20260509_085327.jpg
IMG_20260509_090027.jpg,5,Pork Ham,spoiled,22:27:08,E:\Thesis Code\interval sampled\Pork Ham - Sample 5\Spoiled - 16 to 28 hours\IMG_20260509_090027.jpg
IMG_20260509_090727.jpg,5,Pork Ham,spoiled,22:30:45,E:\Thesis Code\interval sampled\Pork Ham - Sample 5\Spoiled - 16 to 28 hours\IMG_20260509_090727.jpg
IMG_20260509_091427.jpg,5,Pork Ham,spoiled,22:34:22,E:\Thesis Code\interval sampled\Pork Ham - Sample 5\Spoiled - 16 to 28 hours\IMG_20260509_091427.jpg
IMG_20260509_092127.jpg,5,Pork Ham,spoiled,22:37:59,E:\Thesis Code\interval sampled\Pork Ham - Sample 5\Spoiled - 16 to 28 hours\IMG_20260509_092127.jpg
IMG_20260509_092927.jpg,5,Pork Ham,spoiled,22:41:36,E:\Thesis Code\interval sampled\Pork Ham - Sample 5\Spoiled - 16 to 28 hours\IMG_20260509_092927.jpg
IMG_20260509_093627.jpg,5,Pork Ham,spoiled,22:45:14,E:\Thesis Code\interval sampled\Pork Ham - Sample 5\Spoiled - 16 to 28 hours\IMG_20260509_093627.jpg
IMG_20260509_094327.jpg,5,Pork Ham,spoiled,22:48:51,E:\Thesis Code\interval sampled\Pork Ham - Sample 5\Spoiled - 16 to 28 hours\IMG_20260509_094327.jpg
IMG_20260509_095027.jpg,5,Pork Ham,spoiled,22:52:28,E:\Thesis Code\interval sampled\Pork Ham - Sample 5\Spoiled - 16 to 28 hours\IMG_20260509_095027.jpg
IMG_20260509_095727.jpg,5,Pork Ham,spoiled,22:56:05,E:\Thesis Code\interval sampled\Pork Ham - Sample 5\Spoiled - 16 to 28 hours\IMG_20260509_095727.jpg
IMG_20260509_100528.jpg,5,Pork Ham,spoiled,22:59:42,E:\Thesis Code\interval sampled\Pork Ham - Sample 5\Spoiled - 16 to 28 hours\IMG_20260509_100528.jpg
IMG_20260509_101228.jpg,5,Pork Ham,spoiled,23:03:19,E:\Thesis Code\interval sampled\Pork Ham - Sample 5\Spoiled - 16 to 28 hours\IMG_20260509_101228.jpg
IMG_20260509_101928.jpg,5,Pork Ham,spoiled,23:06:56,E:\Thesis Code\interval sampled\Pork Ham - Sample 5\Spoiled - 16 to 28 hours\IMG_20260509_101928.jpg
IMG_20260509_102628.jpg,5,Pork Ham,spoiled,23:10:33,E:\Thesis Code\interval sampled\Pork Ham - Sample 5\Spoiled - 16 to 28 hours\IMG_20260509_102628.jpg
IMG_20260509_103328.jpg,5,Pork Ham,spoiled,23:14:10,E:\Thesis Code\interval sampled\Pork Ham - Sample 5\Spoiled - 16 to 28 hours\IMG_20260509_103328.jpg
IMG_20260509_104028.jpg,5,Pork Ham,spoiled,23:17:47,E:\Thesis Code\interval sampled\Pork Ham - Sample 5\Spoiled - 16 to 28 hours\IMG_20260509_104028.jpg
IMG_20260509_104828.jpg,5,Pork Ham,spoiled,23:21:24,E:\Thesis Code\interval sampled\Pork Ham - Sample 5\Spoiled - 16 to 28 hours\IMG_20260509_104828.jpg
IMG_20260509_105528.jpg,5,Pork Ham,spoiled,23:25:02,E:\Thesis Code\interval sampled\Pork Ham - Sample 5\Spoiled - 16 to 28 hours\IMG_20260509_105528.jpg
IMG_20260509_110228.jpg,5,Pork Ham,spoiled,23:28:39,E:\Thesis Code\interval sampled\Pork Ham - Sample 5\Spoiled - 16 to 28 hours\IMG_20260509_110228.jpg
IMG_20260509_110928.jpg,5,Pork Ham,spoiled,23:32:16,E:\Thesis Code\interval sampled\Pork Ham - Sample 5\Spoiled - 16 to 28 hours\IMG_20260509_110928.jpg
IMG_20260509_111628.jpg,5,Pork Ham,spoiled,23:35:53,E:\Thesis Code\interval sampled\Pork Ham - Sample 5\Spoiled - 16 to 28 hours\IMG_20260509_111628.jpg
IMG_20260509_112428.jpg,5,Pork Ham,spoiled,23:39:30,E:\Thesis Code\interval sampled\Pork Ham - Sample 5\Spoiled - 16 to 28 hours\IMG_20260509_112428.jpg
IMG_20260509_113128.jpg,5,Pork Ham,spoiled,23:43:07,E:\Thesis Code\interval sampled\Pork Ham - Sample 5\Spoiled - 16 to 28 hours\IMG_20260509_113128.jpg
IMG_20260509_113828.jpg,5,Pork Ham,spoiled,23:46:44,E:\Thesis Code\interval sampled\Pork Ham - Sample 5\Spoiled - 16 to 28 hours\IMG_20260509_113828.jpg
IMG_20260509_114528.jpg,5,Pork Ham,spoiled,23:50:21,E:\Thesis Code\interval sampled\Pork Ham - Sample 5\Spoiled - 16 to 28 hours\IMG_20260509_114528.jpg
IMG_20260509_115228.jpg,5,Pork Ham,spoiled,23:53:58,E:\Thesis Code\interval sampled\Pork Ham - Sample 5\Spoiled - 16 to 28 hours\IMG_20260509_115228.jpg
IMG_20260509_120028.jpg,5,Pork Ham,spoiled,23:57:35,E:\Thesis Code\interval sampled\Pork Ham - Sample 5\Spoiled - 16 to 28 hours\IMG_20260509_120028.jpg
IMG_20260509_120728.jpg,5,Pork Ham,spoiled,24:01:12,E:\Thesis Code\interval sampled\Pork Ham - Sample 5\Spoiled - 16 to 28 hours\IMG_20260509_120728.jpg
IMG_20260509_121428.jpg,5,Pork Ham,spoiled,24:04:49,E:\Thesis Code\interval sampled\Pork Ham - Sample 5\Spoiled - 16 to 28 hours\IMG_20260509_121428.jpg
IMG_20260509_122128.jpg,5,Pork Ham,spoiled,24:08:27,E:\Thesis Code\interval sampled\Pork Ham - Sample 5\Spoiled - 16 to 28 hours\IMG_20260509_122128.jpg
IMG_20260509_122828.jpg,5,Pork Ham,spoiled,24:12:04,E:\Thesis Code\interval sampled\Pork Ham - Sample 5\Spoiled - 16 to 28 hours\IMG_20260509_122828.jpg
IMG_20260509_123528.jpg,5,Pork Ham,spoiled,24:15:41,E:\Thesis Code\interval sampled\Pork Ham - Sample 5\Spoiled - 16 to 28 hours\IMG_20260509_123528.jpg
IMG_20260509_124328.jpg,5,Pork Ham,spoiled,24:19:18,E:\Thesis Code\interval sampled\Pork Ham - Sample 5\Spoiled - 16 to 28 hours\IMG_20260509_124328.jpg
IMG_20260509_125028.jpg,5,Pork Ham,spoiled,24:22:55,E:\Thesis Code\interval sampled\Pork Ham - Sample 5\Spoiled - 16 to 28 hours\IMG_20260509_125028.jpg
IMG_20260509_125728.jpg,5,Pork Ham,spoiled,24:26:32,E:\Thesis Code\interval sampled\Pork Ham - Sample 5\Spoiled - 16 to 28 hours\IMG_20260509_125728.jpg
IMG_20260509_130428.jpg,5,Pork Ham,spoiled,24:30:09,E:\Thesis Code\interval sampled\Pork Ham - Sample 5\Spoiled - 16 to 28 hours\IMG_20260509_130428.jpg
IMG_20260509_131128.jpg,5,Pork Ham,spoiled,24:33:46,E:\Thesis Code\interval sampled\Pork Ham - Sample 5\Spoiled - 16 to 28 hours\IMG_20260509_131128.jpg
IMG_20260509_131928.jpg,5,Pork Ham,spoiled,24:37:23,E:\Thesis Code\interval sampled\Pork Ham - Sample 5\Spoiled - 16 to 28 hours\IMG_20260509_131928.jpg
IMG_20260509_132628.jpg,5,Pork Ham,spoiled,24:41:00,E:\Thesis Code\interval sampled\Pork Ham - Sample 5\Spoiled - 16 to 28 hours\IMG_20260509_132628.jpg
IMG_20260509_133328.jpg,5,Pork Ham,spoiled,24:44:37,E:\Thesis Code\interval sampled\Pork Ham - Sample 5\Spoiled - 16 to 28 hours\IMG_20260509_133328.jpg
IMG_20260509_134028.jpg,5,Pork Ham,spoiled,24:48:14,E:\Thesis Code\interval sampled\Pork Ham - Sample 5\Spoiled - 16 to 28 hours\IMG_20260509_134028.jpg
IMG_20260509_134728.jpg,5,Pork Ham,spoiled,24:51:52,E:\Thesis Code\interval sampled\Pork Ham - Sample 5\Spoiled - 16 to 28 hours\IMG_20260509_134728.jpg
IMG_20260509_135528.jpg,5,Pork Ham,spoiled,24:55:29,E:\Thesis Code\interval sampled\Pork Ham - Sample 5\Spoiled - 16 to 28 hours\IMG_20260509_135528.jpg
IMG_20260509_140228.jpg,5,Pork Ham,spoiled,24:59:06,E:\Thesis Code\interval sampled\Pork Ham - Sample 5\Spoiled - 16 to 28 hours\IMG_20260509_140228.jpg
IMG_20260509_140929.jpg,5,Pork Ham,spoiled,25:02:43,E:\Thesis Code\interval sampled\Pork Ham - Sample 5\Spoiled - 16 to 28 hours\IMG_20260509_140929.jpg
IMG_20260509_141629.jpg,5,Pork Ham,spoiled,25:06:20,E:\Thesis Code\interval sampled\Pork Ham - Sample 5\Spoiled - 16 to 28 hours\IMG_20260509_141629.jpg
IMG_20260509_142329.jpg,5,Pork Ham,spoiled,25:09:57,E:\Thesis Code\interval sampled\Pork Ham - Sample 5\Spoiled - 16 to 28 hours\IMG_20260509_142329.jpg
IMG_20260509_143029.jpg,5,Pork Ham,spoiled,25:13:34,E:\Thesis Code\interval sampled\Pork Ham - Sample 5\Spoiled - 16 to 28 hours\IMG_20260509_143029.jpg
IMG_20260509_143829.jpg,5,Pork Ham,spoiled,25:17:11,E:\Thesis Code\interval sampled\Pork Ham - Sample 5\Spoiled - 16 to 28 hours\IMG_20260509_143829.jpg
IMG_20260509_144529.jpg,5,Pork Ham,spoiled,25:20:48,E:\Thesis Code\interval sampled\Pork Ham - Sample 5\Spoiled - 16 to 28 hours\IMG_20260509_144529.jpg
IMG_20260509_145229.jpg,5,Pork Ham,spoiled,25:24:25,E:\Thesis Code\interval sampled\Pork Ham - Sample 5\Spoiled - 16 to 28 hours\IMG_20260509_145229.jpg
IMG_20260509_145929.jpg,5,Pork Ham,spoiled,25:28:02,E:\Thesis Code\interval sampled\Pork Ham - Sample 5\Spoiled - 16 to 28 hours\IMG_20260509_145929.jpg
IMG_20260509_150629.jpg,5,Pork Ham,spoiled,25:31:39,E:\Thesis Code\interval sampled\Pork Ham - Sample 5\Spoiled - 16 to 28 hours\IMG_20260509_150629.jpg
IMG_20260509_151429.jpg,5,Pork Ham,spoiled,25:35:17,E:\Thesis Code\interval sampled\Pork Ham - Sample 5\Spoiled - 16 to 28 hours\IMG_20260509_151429.jpg
IMG_20260509_152129.jpg,5,Pork Ham,spoiled,25:38:54,E:\Thesis Code\interval sampled\Pork Ham - Sample 5\Spoiled - 16 to 28 hours\IMG_20260509_152129.jpg
IMG_20260509_152829.jpg,5,Pork Ham,spoiled,25:42:31,E:\Thesis Code\interval sampled\Pork Ham - Sample 5\Spoiled - 16 to 28 hours\IMG_20260509_152829.jpg
IMG_20260509_153529.jpg,5,Pork Ham,spoiled,25:46:08,E:\Thesis Code\interval sampled\Pork Ham - Sample 5\Spoiled - 16 to 28 hours\IMG_20260509_153529.jpg
IMG_20260509_154229.jpg,5,Pork Ham,spoiled,25:49:45,E:\Thesis Code\interval sampled\Pork Ham - Sample 5\Spoiled - 16 to 28 hours\IMG_20260509_154229.jpg
IMG_20260509_154929.jpg,5,Pork Ham,spoiled,25:53:22,E:\Thesis Code\interval sampled\Pork Ham - Sample 5\Spoiled - 16 to 28 hours\IMG_20260509_154929.jpg
IMG_20260509_155729.jpg,5,Pork Ham,spoiled,25:56:59,E:\Thesis Code\interval sampled\Pork Ham - Sample 5\Spoiled - 16 to 28 hours\IMG_20260509_155729.jpg
IMG_20260509_160429.jpg,5,Pork Ham,spoiled,26:00:36,E:\Thesis Code\interval sampled\Pork Ham - Sample 5\Spoiled - 16 to 28 hours\IMG_20260509_160429.jpg
IMG_20260509_161129.jpg,5,Pork Ham,spoiled,26:04:13,E:\Thesis Code\interval sampled\Pork Ham - Sample 5\Spoiled - 16 to 28 hours\IMG_20260509_161129.jpg
IMG_20260509_161829.jpg,5,Pork Ham,spoiled,26:07:50,E:\Thesis Code\interval sampled\Pork Ham - Sample 5\Spoiled - 16 to 28 hours\IMG_20260509_161829.jpg
IMG_20260509_162529.jpg,5,Pork Ham,spoiled,26:11:27,E:\Thesis Code\interval sampled\Pork Ham - Sample 5\Spoiled - 16 to 28 hours\IMG_20260509_162529.jpg
IMG_20260509_163329.jpg,5,Pork Ham,spoiled,26:15:05,E:\Thesis Code\interval sampled\Pork Ham - Sample 5\Spoiled - 16 to 28 hours\IMG_20260509_163329.jpg
IMG_20260509_164029.jpg,5,Pork Ham,spoiled,26:18:42,E:\Thesis Code\interval sampled\Pork Ham - Sample 5\Spoiled - 16 to 28 hours\IMG_20260509_164029.jpg
IMG_20260509_164729.jpg,5,Pork Ham,spoiled,26:22:19,E:\Thesis Code\interval sampled\Pork Ham - Sample 5\Spoiled - 16 to 28 hours\IMG_20260509_164729.jpg
IMG_20260509_165429.jpg,5,Pork Ham,spoiled,26:25:56,E:\Thesis Code\interval sampled\Pork Ham - Sample 5\Spoiled - 16 to 28 hours\IMG_20260509_165429.jpg
IMG_20260509_170129.jpg,5,Pork Ham,spoiled,26:29:33,E:\Thesis Code\interval sampled\Pork Ham - Sample 5\Spoiled - 16 to 28 hours\IMG_20260509_170129.jpg
IMG_20260509_170929.jpg,5,Pork Ham,spoiled,26:33:10,E:\Thesis Code\interval sampled\Pork Ham - Sample 5\Spoiled - 16 to 28 hours\IMG_20260509_170929.jpg
IMG_20260509_171629.jpg,5,Pork Ham,spoiled,26:36:47,E:\Thesis Code\interval sampled\Pork Ham - Sample 5\Spoiled - 16 to 28 hours\IMG_20260509_171629.jpg
IMG_20260509_172329.jpg,5,Pork Ham,spoiled,26:40:24,E:\Thesis Code\interval sampled\Pork Ham - Sample 5\Spoiled - 16 to 28 hours\IMG_20260509_172329.jpg
IMG_20260509_173029.jpg,5,Pork Ham,spoiled,26:44:01,E:\Thesis Code\interval sampled\Pork Ham - Sample 5\Spoiled - 16 to 28 hours\IMG_20260509_173029.jpg
IMG_20260509_173729.jpg,5,Pork Ham,spoiled,26:47:38,E:\Thesis Code\interval sampled\Pork Ham - Sample 5\Spoiled - 16 to 28 hours\IMG_20260509_173729.jpg
IMG_20260509_174430.jpg,5,Pork Ham,spoiled,26:51:15,E:\Thesis Code\interval sampled\Pork Ham - Sample 5\Spoiled - 16 to 28 hours\IMG_20260509_174430.jpg
IMG_20260509_175230.jpg,5,Pork Ham,spoiled,26:54:52,E:\Thesis Code\interval sampled\Pork Ham - Sample 5\Spoiled - 16 to 28 hours\IMG_20260509_175230.jpg
IMG_20260509_175930.jpg,5,Pork Ham,spoiled,26:58:30,E:\Thesis Code\interval sampled\Pork Ham - Sample 5\Spoiled - 16 to 28 hours\IMG_20260509_175930.jpg
IMG_20260509_180630.jpg,5,Pork Ham,spoiled,27:02:07,E:\Thesis Code\interval sampled\Pork Ham - Sample 5\Spoiled - 16 to 28 hours\IMG_20260509_180630.jpg
IMG_20260509_181330.jpg,5,Pork Ham,spoiled,27:05:44,E:\Thesis Code\interval sampled\Pork Ham - Sample 5\Spoiled - 16 to 28 hours\IMG_20260509_181330.jpg
IMG_20260509_182030.jpg,5,Pork Ham,spoiled,27:09:21,E:\Thesis Code\interval sampled\Pork Ham - Sample 5\Spoiled - 16 to 28 hours\IMG_20260509_182030.jpg
IMG_20260509_182830.jpg,5,Pork Ham,spoiled,27:12:58,E:\Thesis Code\interval sampled\Pork Ham - Sample 5\Spoiled - 16 to 28 hours\IMG_20260509_182830.jpg
IMG_20260509_183530.jpg,5,Pork Ham,spoiled,27:16:35,E:\Thesis Code\interval sampled\Pork Ham - Sample 5\Spoiled - 16 to 28 hours\IMG_20260509_183530.jpg
IMG_20260509_184230.jpg,5,Pork Ham,spoiled,27:20:12,E:\Thesis Code\interval sampled\Pork Ham - Sample 5\Spoiled - 16 to 28 hours\IMG_20260509_184230.jpg
IMG_20260509_184930.jpg,5,Pork Ham,spoiled,27:23:49,E:\Thesis Code\interval sampled\Pork Ham - Sample 5\Spoiled - 16 to 28 hours\IMG_20260509_184930.jpg
IMG_20260509_185630.jpg,5,Pork Ham,spoiled,27:27:26,E:\Thesis Code\interval sampled\Pork Ham - Sample 5\Spoiled - 16 to 28 hours\IMG_20260509_185630.jpg
IMG_20260509_190430.jpg,5,Pork Ham,spoiled,27:31:03,E:\Thesis Code\interval sampled\Pork Ham - Sample 5\Spoiled - 16 to 28 hours\IMG_20260509_190430.jpg
IMG_20260509_191130.jpg,5,Pork Ham,spoiled,27:34:40,E:\Thesis Code\interval sampled\Pork Ham - Sample 5\Spoiled - 16 to 28 hours\IMG_20260509_191130.jpg
IMG_20260509_191830.jpg,5,Pork Ham,spoiled,27:38:17,E:\Thesis Code\interval sampled\Pork Ham - Sample 5\Spoiled - 16 to 28 hours\IMG_20260509_191830.jpg
IMG_20260509_192530.jpg,5,Pork Ham,spoiled,27:41:55,E:\Thesis Code\interval sampled\Pork Ham - Sample 5\Spoiled - 16 to 28 hours\IMG_20260509_192530.jpg
IMG_20260509_193230.jpg,5,Pork Ham,spoiled,27:45:32,E:\Thesis Code\interval sampled\Pork Ham - Sample 5\Spoiled - 16 to 28 hours\IMG_20260509_193230.jpg
IMG_20260509_193930.jpg,5,Pork Ham,spoiled,27:49:09,E:\Thesis Code\interval sampled\Pork Ham - Sample 5\Spoiled - 16 to 28 hours\IMG_20260509_193930.jpg
IMG_20260509_194730.jpg,5,Pork Ham,spoiled,27:52:46,E:\Thesis Code\interval sampled\Pork Ham - Sample 5\Spoiled - 16 to 28 hours\IMG_20260509_194730.jpg
IMG_20260509_195430.jpg,5,Pork Ham,spoiled,27:56:23,E:\Thesis Code\interval sampled\Pork Ham - Sample 5\Spoiled - 16 to 28 hours\IMG_20260509_195430.jpg
IMG_20260509_200130.jpg,5,Pork Ham,spoiled,28:00:00,E:\Thesis Code\interval sampled\Pork Ham - Sample 5\Spoiled - 16 to 28 hours\IMG_20260509_200130.jpg
